match_id;zeitpunkt;spieler;modus;perspektive;map;dauer_min;platz;teams_im_match;team_id;kills;assists;knocks;kopfschuesse;schaden;weitester_kill_m;ueberlebt_min;revives;heilitems;boosts;waffen;zu_fuss_m;gefahren_m;geschwommen_m;roadkills;teamkills;fahrzeuge_zerstoert;mitspieler
a82fe421-7a1c-454b-a977-73e284c46858;2026-08-06T18:16:04Z;Baerli162;Squad;TPP;Baltic_Main;27.8;4;27;12;2;0;1;0;310.3;3.45;15.9;2;0;7;8;1506;4939;0;0;0;0;Lacan123|Thalanthyr
a82fe421-7a1c-454b-a977-73e284c46858;2026-08-06T18:16:04Z;Thalanthyr;Squad;TPP;Baltic_Main;27.8;4;27;12;1;0;0;1;120.6;6.91;19.4;1;9;7;5;1692;5643;0;0;0;0;Baerli162|Lacan123
a82fe421-7a1c-454b-a977-73e284c46858;2026-08-06T18:16:04Z;Lacan123;Squad;TPP;Baltic_Main;27.8;4;27;12;1;1;1;0;434.4;4.62;26.5;1;4;8;6;2835;6044;0;1;0;0;Baerli162|Thalanthyr
10243235-9df0-40c1-9b4a-2dc299e5bf08;2026-08-06T18:44:17Z;Baerli162;Squad;TPP;Baltic_Main;27.3;2;31;15;6;1;5;2;639.4;165.08;23.5;0;1;6;6;3348;1612;0;0;0;0;Lacan123|Thalanthyr
10243235-9df0-40c1-9b4a-2dc299e5bf08;2026-08-06T18:44:17Z;Thalanthyr;Squad;TPP;Baltic_Main;27.3;2;31;15;0;0;0;0;131.6;0;13.5;0;0;2;6;1347;1637;0;0;0;0;Baerli162|Lacan123
10243235-9df0-40c1-9b4a-2dc299e5bf08;2026-08-06T18:44:17Z;Lacan123;Squad;TPP;Baltic_Main;27.3;2;31;15;2;2;1;0;337.8;146.21;27.2;0;2;7;7;3197;1660;0;0;0;0;Baerli162|Thalanthyr
5bfe1132-1ff7-46d7-8326-69874ee2da1e;2026-08-06T19:13:17Z;Lacan123;Squad;TPP;DihorOtok_Main;27.4;6;28;8;2;4;2;1;256.3;18.39;21.1;0;1;2;6;2478;6370;0;0;0;0;Baerli162|Thalanthyr
5bfe1132-1ff7-46d7-8326-69874ee2da1e;2026-08-06T19:13:17Z;Baerli162;Squad;TPP;DihorOtok_Main;27.4;6;28;8;5;2;5;0;698.0;17.82;21.1;0;1;7;9;2531;6470;0;1;0;0;Lacan123|Thalanthyr
5bfe1132-1ff7-46d7-8326-69874ee2da1e;2026-08-06T19:13:17Z;Thalanthyr;Squad;TPP;DihorOtok_Main;27.4;6;28;8;2;1;2;1;85.2;83.31;15.9;0;0;4;4;1760;3616;0;0;0;0;Baerli162|Lacan123
e52cd0ff-2bd1-4050-bfc6-1565c8300f44;2026-08-06T19:41:18Z;Thalanthyr;Squad;TPP;Baltic_Main;27.6;2;28;13;3;3;3;1;436.2;113.31;27.5;1;10;8;5;1839;10038;0;0;0;0;Baerli162|Lacan123
e52cd0ff-2bd1-4050-bfc6-1565c8300f44;2026-08-06T19:41:18Z;Lacan123;Squad;TPP;Baltic_Main;27.6;2;28;13;5;2;4;1;274.0;161.95;27.5;5;5;5;7;2521;11373;67;3;0;0;Baerli162|Thalanthyr
e52cd0ff-2bd1-4050-bfc6-1565c8300f44;2026-08-06T19:41:18Z;Baerli162;Squad;TPP;Baltic_Main;27.6;2;28;13;5;3;4;2;588.4;322.03;26.4;0;2;7;10;2447;10697;0;0;0;0;Lacan123|Thalanthyr
f1e33def-374d-4998-8164-389a9ad7d13d;2026-08-06T20:12:02Z;Lacan123;Squad;TPP;Tiger_Main;28.5;25;25;11;0;0;0;0;0;0;1.2;0;0;0;2;79;0;0;0;0;0;Baerli162|Thalanthyr
f1e33def-374d-4998-8164-389a9ad7d13d;2026-08-06T20:12:02Z;Thalanthyr;Squad;TPP;Tiger_Main;28.5;25;25;11;0;0;0;0;0;0;1.9;0;0;2;1;138;0;0;0;0;0;Baerli162|Lacan123
f1e33def-374d-4998-8164-389a9ad7d13d;2026-08-06T20:12:02Z;Baerli162;Squad;TPP;Tiger_Main;28.5;25;25;11;0;0;0;0;0;0;1.9;0;0;0;3;94;0;0;0;0;0;Lacan123|Thalanthyr
85426b89-07fe-4ca2-afa1-3e3171a7703d;2026-08-06T20:16:41Z;Lacan123;Duo;TPP;Tiger_Main;32.2;6;50;9;3;1;1;0;249.3;5.9;22.3;1;3;5;9;1148;14634;0;1;0;0;Thalanthyr
85426b89-07fe-4ca2-afa1-3e3171a7703d;2026-08-06T20:16:41Z;Thalanthyr;Duo;TPP;Tiger_Main;32.2;6;50;9;5;0;1;0;540.8;26.38;22.3;1;9;7;5;1219;14513;0;0;0;0;Lacan123
f3c5e5b1-8b19-430c-8d93-f1815a45d088;2026-08-07T18:34:46Z;Thalanthyr;Solo;TPP;Summerland_Main;18.1;56;60;100045;0;0;0;0;75.8;0;1.4;0;0;0;2;33;0;0;0;0;0;
6dbb94ed-d8d8-4c22-9df9-c087c2bae150;2026-08-07T18:39:49Z;Thalanthyr;Solo;TPP;Baltic_Main;28.4;33;96;100049;0;0;0;0;0;0;10.2;0;0;0;6;1318;0;0;0;0;0;
9d3f48ec-9d39-4f84-951c-9d9f4100ab7e;2026-08-07T18:52:51Z;Thalanthyr;Solo;TPP;Baltic_Main;27.3;43;99;100039;0;0;0;0;45.0;0;11.1;0;0;0;4;1389;34;0;0;0;0;
049f82d8-1fd6-4c8e-89ff-883073012106;2026-08-07T19:06:28Z;Thalanthyr;Duo;TPP;Baltic_Main;26.5;22;51;12;1;0;1;0;72.1;5.83;13.7;0;0;3;9;1396;1836;0;0;0;0;Lacan123
049f82d8-1fd6-4c8e-89ff-883073012106;2026-08-07T19:06:28Z;Lacan123;Duo;TPP;Baltic_Main;26.5;22;51;12;1;0;0;0;100;5.01;13.7;0;7;3;10;1499;2053;0;0;0;0;Thalanthyr
8033dd3c-e6e9-4159-99de-964ad0d9945b;2026-08-07T19:22:09Z;Thalanthyr;Duo;TPP;Summerland_Main;20.8;18;33;15;2;0;0;0;284;8.14;7.7;0;1;3;4;849;0;0;0;0;0;Lacan123
8033dd3c-e6e9-4159-99de-964ad0d9945b;2026-08-07T19:22:09Z;Lacan123;Duo;TPP;Summerland_Main;20.8;18;33;15;0;0;0;0;0;0;7.7;0;1;1;9;1005;0;0;0;0;0;Thalanthyr
df5bfe4f-f253-495f-a811-bd7c5443c4c3;2026-08-07T19:31:56Z;Lacan123;Squad;TPP;Desert_Main;27.1;13;27;8;1;0;0;0;84;38.12;13.3;0;2;1;9;1264;3060;0;0;0;0;Baerli162|Thalanthyr
df5bfe4f-f253-495f-a811-bd7c5443c4c3;2026-08-07T19:31:56Z;Baerli162;Squad;TPP;Desert_Main;27.1;13;27;8;2;0;2;1;185.1;37.73;13.0;0;1;3;11;1542;2988;0;0;0;0;Lacan123|Thalanthyr
df5bfe4f-f253-495f-a811-bd7c5443c4c3;2026-08-07T19:31:56Z;Thalanthyr;Squad;TPP;Desert_Main;27.1;13;27;8;1;1;1;0;149.7;27.52;8.0;0;0;0;2;813;0;0;0;0;0;Baerli162|Lacan123
03b516cf-09ff-4d0f-8a7f-5ee70eac7242;2026-08-07T19:47:54Z;Thalanthyr;Duo;TPP;Desert_Main;30.7;20;51;15;4;1;2;1;403.8;96.44;14.2;0;5;2;3;1354;5462;0;0;0;0;Lacan123
03b516cf-09ff-4d0f-8a7f-5ee70eac7242;2026-08-07T19:47:54Z;Lacan123;Duo;TPP;Desert_Main;30.7;20;51;15;1;2;0;0;210.2;43.68;15.1;0;2;3;6;1766;5603;0;0;0;0;Thalanthyr
9e275bb5-e497-49af-986f-4777b5a7b895;2026-08-07T20:11:48Z;Lacan123;Duo;TPP;Baltic_Main;26.0;37;50;22;1;0;1;0;100.5;19.84;8.7;0;7;2;5;936;0;0;0;0;0;Thalanthyr
9e275bb5-e497-49af-986f-4777b5a7b895;2026-08-07T20:11:48Z;Thalanthyr;Duo;TPP;Baltic_Main;26.0;37;50;22;1;0;0;0;123.3;235.18;8.7;0;2;0;6;682;0;0;0;0;0;Lacan123
c369529c-4b54-40ad-bd6e-3ba58076adbe;2026-08-09T17:02:56Z;real_embo;Squad;TPP;Desert_Main;28.0;2;29;22;4;0;3;1;678.0;230.64;27.9;0;7;5;17;2616;6915;0;0;0;0;Lacan123|Thalanthyr
c369529c-4b54-40ad-bd6e-3ba58076adbe;2026-08-09T17:02:56Z;Thalanthyr;Squad;TPP;Desert_Main;28.0;2;29;22;0;1;0;0;21.6;0;16.4;0;2;6;10;1212;7188;0;0;0;0;Lacan123|real_embo
c369529c-4b54-40ad-bd6e-3ba58076adbe;2026-08-09T17:02:56Z;Lacan123;Squad;TPP;Desert_Main;28.0;2;29;22;1;0;0;0;78.4;4.55;27.9;3;4;8;11;2461;8200;0;1;0;0;Thalanthyr|real_embo
e0625ebf-aae8-4b6b-8e25-0fda3b68ec53;2026-08-09T17:33:07Z;real_embo;Squad;TPP;DihorOtok_Main;27.2;12;26;18;1;1;2;0;388.7;2.82;14.8;0;1;1;10;1875;2162;0;0;0;0;Lacan123|Thalanthyr
e0625ebf-aae8-4b6b-8e25-0fda3b68ec53;2026-08-09T17:33:07Z;Thalanthyr;Squad;TPP;DihorOtok_Main;27.2;12;26;18;1;2;3;0;146.9;46.79;14.1;0;0;4;8;1833;1631;0;0;0;0;Lacan123|real_embo
e0625ebf-aae8-4b6b-8e25-0fda3b68ec53;2026-08-09T17:33:07Z;Lacan123;Squad;TPP;DihorOtok_Main;27.2;12;26;18;0;1;1;0;147.9;0;14.4;0;0;0;10;2037;2589;0;0;0;0;Thalanthyr|real_embo
9aba9436-fb34-4f4f-a563-bb93ce247877;2026-08-09T17:50:23Z;real_embo;Squad;TPP;Tiger_Main;23.5;15;27;16;0;0;0;0;101.9;0;11.7;0;0;1;14;1346;3555;0;0;0;0;Lacan123|Thalanthyr
9aba9436-fb34-4f4f-a563-bb93ce247877;2026-08-09T17:50:23Z;Lacan123;Squad;TPP;Tiger_Main;23.5;15;27;16;0;0;0;0;0;0;11.7;0;0;1;8;1412;4126;0;0;0;0;Thalanthyr|real_embo
9aba9436-fb34-4f4f-a563-bb93ce247877;2026-08-09T17:50:23Z;Thalanthyr;Squad;TPP;Tiger_Main;23.5;15;27;16;0;0;0;0;12.6;0;11.7;0;0;1;8;1245;3583;0;0;0;0;Lacan123|real_embo
d9db5a04-3ab7-4f27-8e37-f1198371d7c1;2026-08-09T18:12:12Z;Thalanthyr;Duo;TPP;Baltic_Main;28.4;47;54;41;0;0;0;0;0;0;2.7;0;0;0;2;291;0;0;0;0;0;real_embo
d9db5a04-3ab7-4f27-8e37-f1198371d7c1;2026-08-09T18:12:12Z;real_embo;Duo;TPP;Baltic_Main;28.4;47;54;41;0;0;0;0;49.1;0;2.7;0;0;0;5;261;0;0;0;0;0;Thalanthyr
6c2436ec-7017-47bb-a388-d6c8b39f9abe;2026-08-09T18:16:55Z;real_embo;Duo;TPP;Baltic_Main;26.0;31;51;24;1;0;0;1;152.5;6.04;7.3;0;1;2;7;1102;0;0;0;0;0;Thalanthyr
6c2436ec-7017-47bb-a388-d6c8b39f9abe;2026-08-09T18:16:55Z;Thalanthyr;Duo;TPP;Baltic_Main;26.0;31;51;24;1;0;1;1;100;11.43;8.4;0;0;1;3;1053;0;0;0;0;0;real_embo
fb4c4d01-e7c6-4bdb-9e1e-7437f0191192;2026-08-09T18:27:23Z;Thalanthyr;Squad;TPP;Baltic_Main;27.4;5;28;22;1;0;1;0;100;7.12;16.3;0;1;5;7;1339;6314;0;0;0;0;Lacan123|real_embo
fb4c4d01-e7c6-4bdb-9e1e-7437f0191192;2026-08-09T18:27:23Z;real_embo;Squad;TPP;Baltic_Main;27.4;5;28;22;1;2;2;0;573.9;242.39;24.8;2;1;6;9;1904;6649;0;0;0;3;Lacan123|Thalanthyr
fb4c4d01-e7c6-4bdb-9e1e-7437f0191192;2026-08-09T18:27:23Z;Lacan123;Squad;TPP;Baltic_Main;27.4;5;28;22;2;1;4;0;267.7;165.15;21.5;0;1;8;10;2078;6213;0;0;0;0;Thalanthyr|real_embo
92d84c3a-20b4-4017-8c6b-8d39932e998c;2026-08-09T18:54:19Z;Baerli162;Squad;TPP;DihorOtok_Main;25.8;11;26;11;0;0;0;0;74.4;0;15.6;0;2;1;5;1275;6074;0;0;0;0;Lacan123|Thalanthyr|real_embo
92d84c3a-20b4-4017-8c6b-8d39932e998c;2026-08-09T18:54:19Z;real_embo;Squad;TPP;DihorOtok_Main;25.8;11;26;11;0;0;1;0;43.9;0;15.6;0;0;2;11;1579;5688;0;0;0;0;Baerli162|Lacan123|Thalanthyr
92d84c3a-20b4-4017-8c6b-8d39932e998c;2026-08-09T18:54:19Z;Thalanthyr;Squad;TPP;DihorOtok_Main;25.8;11;26;11;0;0;0;0;55.4;0;15.6;0;0;2;5;1348;6191;0;0;0;0;Baerli162|Lacan123|real_embo
92d84c3a-20b4-4017-8c6b-8d39932e998c;2026-08-09T18:54:19Z;Lacan123;Squad;TPP;DihorOtok_Main;25.8;11;26;11;0;0;0;0;0;0;15.6;0;0;0;7;1768;5581;0;0;0;0;Baerli162|Thalanthyr|real_embo
6f59def6-9bcc-4ed0-b798-1c0193107ad7;2026-08-09T19:11:37Z;Lacan123;Squad;TPP;Baltic_Main;25.8;26;27;23;1;0;1;0;32.8;29.47;4.2;0;0;0;2;487;0;0;0;0;0;Baerli162|Thalanthyr|real_embo
6f59def6-9bcc-4ed0-b798-1c0193107ad7;2026-08-09T19:11:37Z;Thalanthyr;Squad;TPP;Baltic_Main;25.8;26;27;23;0;0;1;0;153.4;0;3.3;0;0;0;3;286;0;0;0;0;0;Baerli162|Lacan123|real_embo
6f59def6-9bcc-4ed0-b798-1c0193107ad7;2026-08-09T19:11:37Z;Baerli162;Squad;TPP;Baltic_Main;25.8;26;27;23;0;1;0;0;88.4;0;3.5;0;0;0;2;344;0;0;0;0;0;Lacan123|Thalanthyr|real_embo
6f59def6-9bcc-4ed0-b798-1c0193107ad7;2026-08-09T19:11:37Z;real_embo;Squad;TPP;Baltic_Main;25.8;26;27;23;0;0;0;0;67.8;0;4.2;0;0;0;6;182;0;0;0;0;0;Baerli162|Lacan123|Thalanthyr
9da5f2a8-948a-4997-a227-c36199b2d92d;2026-08-09T19:17:32Z;real_embo;Squad;TPP;Summerland_Main;17.3;10;16;12;0;0;0;0;55.0;0;8.7;0;1;1;7;1314;0;0;0;0;0;Baerli162|Lacan123|Thalanthyr
9da5f2a8-948a-4997-a227-c36199b2d92d;2026-08-09T19:17:32Z;Thalanthyr;Squad;TPP;Summerland_Main;17.3;10;16;12;0;0;0;0;0;0;8.9;1;1;1;3;1305;0;0;0;0;0;Baerli162|Lacan123|real_embo
9da5f2a8-948a-4997-a227-c36199b2d92d;2026-08-09T19:17:32Z;Baerli162;Squad;TPP;Summerland_Main;17.3;10;16;12;1;0;0;0;0;5.79;9.1;1;1;1;12;1430;0;0;0;0;0;Lacan123|Thalanthyr|real_embo
9da5f2a8-948a-4997-a227-c36199b2d92d;2026-08-09T19:17:32Z;Lacan123;Squad;TPP;Summerland_Main;17.3;10;16;12;0;0;0;0;49.9;0;9.1;0;1;3;9;1377;0;0;0;0;0;Baerli162|Thalanthyr|real_embo
a76e4d99-a345-45f5-a202-fb4dde89218c;2026-08-09T19:28:08Z;Lacan123;Squad;TPP;Baltic_Main;25.2;11;26;25;0;0;1;0;44.6;0;20.3;2;3;5;9;2951;3131;0;0;0;0;Baerli162|Thalanthyr|real_embo
a76e4d99-a345-45f5-a202-fb4dde89218c;2026-08-09T19:28:08Z;Baerli162;Squad;TPP;Baltic_Main;25.2;11;26;25;0;0;0;0;82.5;0;20.3;1;6;3;8;3278;3029;0;0;0;0;Lacan123|Thalanthyr|real_embo
a76e4d99-a345-45f5-a202-fb4dde89218c;2026-08-09T19:28:08Z;real_embo;Squad;TPP;Baltic_Main;25.2;11;26;25;0;0;0;0;20.6;0;19.1;0;2;2;7;2659;3440;0;0;0;0;Baerli162|Lacan123|Thalanthyr
a76e4d99-a345-45f5-a202-fb4dde89218c;2026-08-09T19:28:08Z;Thalanthyr;Squad;TPP;Baltic_Main;25.2;11;26;25;0;0;0;0;28.4;0;20.1;0;3;6;4;2366;2996;0;0;0;0;Baerli162|Lacan123|real_embo
45451772-9712-45fe-9fbd-67b434f0aced;2026-08-10T18:19:35Z;real_embo;Squad;TPP;Desert_Main;28.2;18;28;10;7;0;9;1;945.0;232.44;14.9;1;4;5;9;1672;3841;0;0;0;0;Lacan123|Thalanthyr
45451772-9712-45fe-9fbd-67b434f0aced;2026-08-10T18:19:35Z;Thalanthyr;Squad;TPP;Desert_Main;28.2;18;28;10;0;1;0;0;175.3;0;14.9;0;4;6;4;1836;3622;0;0;0;0;Lacan123|real_embo
45451772-9712-45fe-9fbd-67b434f0aced;2026-08-10T18:19:35Z;Lacan123;Squad;TPP;Desert_Main;28.2;18;28;10;1;1;0;0;209.6;5.44;14.9;0;13;3;8;1792;3618;0;0;0;0;Thalanthyr|real_embo
c2153267-097d-4ff5-8f49-37e5d4de305d;2026-08-10T18:37:05Z;Baerli162;Squad;TPP;Baltic_Main;28.4;11;27;12;1;0;2;1;211.9;5.07;17.0;0;0;1;7;2694;1706;0;0;0;0;Lacan123|real_embo
c2153267-097d-4ff5-8f49-37e5d4de305d;2026-08-10T18:37:05Z;real_embo;Squad;TPP;Baltic_Main;28.4;11;27;12;0;0;0;0;82.0;0;17.0;0;0;0;15;2357;1904;0;0;0;0;Baerli162|Lacan123
c2153267-097d-4ff5-8f49-37e5d4de305d;2026-08-10T18:37:05Z;Lacan123;Squad;TPP;Baltic_Main;28.4;11;27;12;0;0;0;0;44.0;0;17.1;0;0;0;4;2797;1853;0;0;0;1;Baerli162|real_embo
4a6bd4e7-27a8-44a6-97f2-0114e28ba75f;2026-08-10T18:55:42Z;Lacan123;Squad;TPP;Baltic_Main;26.9;4;27;26;0;1;1;0;21.1;0;25.9;1;3;6;10;3243;5532;0;0;0;0;Baerli162|real_embo
4a6bd4e7-27a8-44a6-97f2-0114e28ba75f;2026-08-10T18:55:42Z;Baerli162;Squad;TPP;Baltic_Main;26.9;4;27;26;4;1;3;0;425.6;50.79;25.9;0;1;7;11;3995;4821;0;0;0;1;Lacan123|real_embo
4a6bd4e7-27a8-44a6-97f2-0114e28ba75f;2026-08-10T18:55:42Z;real_embo;Squad;TPP;Baltic_Main;26.9;4;27;26;4;0;4;0;532.7;46.12;25.9;0;4;7;12;3083;5527;0;0;0;0;Baerli162|Lacan123
53a02127-3bd0-4bf8-8019-e03728dc10a5;2026-08-10T19:23:37Z;real_embo;Squad;TPP;Tiger_Main;27.3;3;26;13;2;1;3;1;453.4;48.29;26.9;0;1;3;13;2448;4155;0;0;0;0;Baerli162|Lacan123|Thalanthyr
53a02127-3bd0-4bf8-8019-e03728dc10a5;2026-08-10T19:23:37Z;Lacan123;Squad;TPP;Tiger_Main;27.3;3;26;13;0;0;0;0;0;0;18.8;1;2;3;10;2405;4077;0;0;0;0;Baerli162|Thalanthyr|real_embo
53a02127-3bd0-4bf8-8019-e03728dc10a5;2026-08-10T19:23:37Z;Baerli162;Squad;TPP;Tiger_Main;27.3;3;26;13;0;1;0;0;389.1;0;24.8;0;1;3;11;2714;3737;0;0;0;0;Lacan123|Thalanthyr|real_embo
53a02127-3bd0-4bf8-8019-e03728dc10a5;2026-08-10T19:23:37Z;Thalanthyr;Squad;TPP;Tiger_Main;27.3;3;26;13;0;0;0;0;81.5;0;21.3;0;4;6;10;1565;3820;0;0;0;0;Baerli162|Lacan123|real_embo
ce3bdc1b-675c-4b3c-9101-b1d7e204ef0e;2026-08-10T19:52:32Z;real_embo;Squad;TPP;Summerland_Main;17.9;4;18;13;2;0;2;1;284.6;28.91;11.9;2;3;3;8;2181;0;0;0;0;0;Lacan123|Thalanthyr
ce3bdc1b-675c-4b3c-9101-b1d7e204ef0e;2026-08-10T19:52:32Z;Lacan123;Squad;TPP;Summerland_Main;17.9;4;18;13;1;1;0;0;55.9;5.96;11.7;1;4;4;7;1943;0;0;0;0;0;Thalanthyr|real_embo
ce3bdc1b-675c-4b3c-9101-b1d7e204ef0e;2026-08-10T19:52:32Z;Thalanthyr;Squad;TPP;Summerland_Main;17.9;4;18;13;2;1;2;0;170.6;56.64;13.4;2;5;4;5;2151;0;0;0;0;0;Lacan123|real_embo
383ab12b-959a-42ce-8679-65b0ffe9b474;2026-08-11T18:58:38Z;Lacan123;Duo;TPP;Baltic_Main;27.7;1;51;25;1;1;1;1;225.0;30.41;27.7;0;2;9;11;2516;9511;0;0;0;0;playdomer
59571278-842e-4f03-bd80-80c6cdde5090;2026-08-11T19:28:46Z;Lacan123;Duo;TPP;Baltic_Main;26.9;36;50;21;1;0;0;0;171.7;0.93;4.1;1;0;0;5;389;0;0;0;0;0;playdomer
3d6c2ba2-5f7f-4eab-8533-b4930faed386;2026-08-11T19:34:22Z;Lacan123;Duo;TPP;Baltic_Main;26.4;49;49;47;0;0;0;0;0;0;11.3;0;0;0;0;0;0;0;0;0;0;playdomer
1a0c2d9d-da0a-4339-9104-5ac3fe18025d;2026-08-11T19:37:23Z;Thalanthyr;Squad;TPP;Baltic_Main;27.8;2;28;9;2;1;1;1;324.4;246.41;25.6;0;6;5;9;2535;4871;0;0;0;0;Lacan123|playdomer
1a0c2d9d-da0a-4339-9104-5ac3fe18025d;2026-08-11T19:37:23Z;Lacan123;Squad;TPP;Baltic_Main;27.8;2;28;9;2;0;3;0;262.2;22.79;27.8;0;3;10;10;3041;5129;0;0;0;0;Thalanthyr|playdomer
2740f158-49b8-41b9-ba57-e5596e1b293d;2026-08-11T20:07:11Z;Lacan123;Squad;TPP;Baltic_Main;28.6;2;27;11;1;2;1;0;265.9;9.58;28.5;1;13;4;11;3736;3142;0;0;1;0;Thalanthyr|playdomer
2740f158-49b8-41b9-ba57-e5596e1b293d;2026-08-11T20:07:11Z;Thalanthyr;Squad;TPP;Baltic_Main;28.6;2;27;11;2;2;2;0;259.5;185.25;28.5;0;8;6;2;3124;3858;0;0;0;0;Lacan123|playdomer
6878add1-07e3-4e60-894f-1a454773d904;2026-08-11T20:37:53Z;Baerli162;Squad;TPP;Desert_Main;30.0;18;27;26;0;0;0;0;0;0;8.0;0;1;1;4;703;0;0;0;0;0;Lacan123|Thalanthyr|playdomer
6878add1-07e3-4e60-894f-1a454773d904;2026-08-11T20:37:53Z;Lacan123;Squad;TPP;Desert_Main;30.0;18;27;26;0;0;0;0;0;0;8.0;0;2;1;4;1081;0;0;0;0;0;Baerli162|Thalanthyr|playdomer
6878add1-07e3-4e60-894f-1a454773d904;2026-08-11T20:37:53Z;Thalanthyr;Squad;TPP;Desert_Main;30.0;18;27;26;0;0;0;0;0;0;6.0;0;0;0;3;610;0;0;0;0;0;Baerli162|Lacan123|playdomer
274dd77b-5356-4a86-9244-87f1e9f62fca;2026-08-11T20:47:50Z;Baerli162;Squad;TPP;Baltic_Main;28.6;5;26;12;3;3;2;2;558.5;135.46;20.9;0;2;5;14;2815;1434;0;0;0;0;Lacan123|Thalanthyr
274dd77b-5356-4a86-9244-87f1e9f62fca;2026-08-11T20:47:50Z;Thalanthyr;Squad;TPP;Baltic_Main;28.6;5;26;12;6;1;4;0;540.6;124.51;20.2;0;7;5;4;2484;1156;0;0;0;0;Baerli162|Lacan123
274dd77b-5356-4a86-9244-87f1e9f62fca;2026-08-11T20:47:50Z;Lacan123;Squad;TPP;Baltic_Main;28.6;5;26;12;10;2;7;3;834.2;214.96;19.8;1;6;7;7;2846;1362;0;0;0;0;Baerli162|Thalanthyr
e92fb746-7dcb-49c9-974f-3deb975d3ba2;2026-08-11T21:15:42Z;Baerli162;Squad;TPP;Baltic_Main;26.4;28;29;11;2;0;2;0;254.2;32.95;3.4;0;1;0;3;375;0;0;0;0;0;Lacan123|Thalanthyr
e92fb746-7dcb-49c9-974f-3deb975d3ba2;2026-08-11T21:15:42Z;Thalanthyr;Squad;TPP;Baltic_Main;26.4;28;29;11;0;0;0;0;25.8;0;3.4;0;0;0;4;541;0;0;0;0;0;Baerli162|Lacan123
e92fb746-7dcb-49c9-974f-3deb975d3ba2;2026-08-11T21:15:42Z;Lacan123;Squad;TPP;Baltic_Main;26.4;28;29;11;0;1;1;0;120.1;0;2.4;0;0;0;2;293;0;0;0;0;0;Baerli162|Thalanthyr
f1a28620-ae1f-46b1-a9b1-21df7166f850;2026-08-11T21:21:48Z;Baerli162;Squad;TPP;DihorOtok_Main;29.9;13;27;9;1;1;1;1;241.7;11.75;13.8;0;2;2;10;1520;5617;0;0;0;0;Lacan123|Thalanthyr
f1a28620-ae1f-46b1-a9b1-21df7166f850;2026-08-11T21:21:48Z;Lacan123;Squad;TPP;DihorOtok_Main;29.9;13;27;9;4;0;4;1;462.3;21.29;13.8;0;0;1;6;1737;5061;0;0;0;0;Baerli162|Thalanthyr
f1a28620-ae1f-46b1-a9b1-21df7166f850;2026-08-11T21:21:48Z;Thalanthyr;Squad;TPP;DihorOtok_Main;29.9;13;27;9;0;2;0;0;0;0;13.8;0;0;0;7;1077;5724;0;0;0;0;Baerli162|Lacan123
c4d834aa-50af-4dfb-85fc-3a6fd6e96f95;2026-08-11T21:37:32Z;Baerli162;Squad;TPP;Desert_Main;30.8;4;26;9;6;5;3;2;903.2;170.06;22.3;0;1;6;12;2599;6528;0;0;0;0;Lacan123|Thalanthyr
c4d834aa-50af-4dfb-85fc-3a6fd6e96f95;2026-08-11T21:37:32Z;Thalanthyr;Squad;TPP;Desert_Main;30.8;4;26;9;2;1;2;0;89.0;116.91;17.1;0;1;6;6;1097;6635;0;0;0;0;Baerli162|Lacan123
c4d834aa-50af-4dfb-85fc-3a6fd6e96f95;2026-08-11T21:37:32Z;Lacan123;Squad;TPP;Desert_Main;30.8;4;26;9;5;1;5;0;402.6;144.7;18.3;1;2;3;7;1585;6926;0;2;0;0;Baerli162|Thalanthyr
c0a08d55-aeed-4b95-9860-493a3390a8da;2026-08-12T17:22:33Z;real_embo;Solo;TPP;Savage_Main;27.0;16;96;100029;3;0;0;1;301;58.17;16.6;0;2;2;10;2304;0;0;0;0;0;
2c75e400-7d5b-4b57-a983-976ef755dcf2;2026-08-12T17:58:39Z;real_embo;Duo;TPP;Savage_Main;23.8;12;46;18;0;0;0;0;0;0;13.2;0;1;4;15;1782;0;0;0;0;0;Thalanthyr
2c75e400-7d5b-4b57-a983-976ef755dcf2;2026-08-12T17:58:39Z;Thalanthyr;Duo;TPP;Savage_Main;23.8;12;46;18;2;0;1;1;232.6;7.72;13.4;1;1;4;5;1643;0;0;0;0;1;real_embo
7a3f5948-f57c-4473-a5b0-838a396afd77;2026-08-12T18:15:45Z;real_embo;Duo;TPP;Baltic_Main;26.1;39;52;29;0;0;0;0;0;0;5.7;0;0;0;5;793;0;0;0;0;0;Thalanthyr
7a3f5948-f57c-4473-a5b0-838a396afd77;2026-08-12T18:15:45Z;Thalanthyr;Duo;TPP;Baltic_Main;26.1;39;52;29;0;0;0;0;48;0;5.7;0;0;0;4;879;0;0;0;0;0;real_embo
644dd16e-ce3d-419c-a99c-e720093c81ba;2026-08-12T18:23:57Z;real_embo;Duo;TPP;Tiger_Main;26.9;36;52;20;1;0;1;0;100.0;29.51;4.1;0;0;0;3;380;0;0;0;0;0;Thalanthyr
644dd16e-ce3d-419c-a99c-e720093c81ba;2026-08-12T18:23:57Z;Thalanthyr;Duo;TPP;Tiger_Main;26.9;36;52;20;0;0;0;0;0;0;6.6;0;0;0;5;518;0;0;0;0;0;real_embo
fe8147c6-0f4c-421e-a2bb-dded61e9a7d3;2026-08-12T18:32:59Z;real_embo;Duo;TPP;Baltic_Main;27.3;33;53;19;0;1;0;0;250.5;0;10.6;0;0;0;6;818;2225;0;0;0;0;Thalanthyr
fe8147c6-0f4c-421e-a2bb-dded61e9a7d3;2026-08-12T18:32:59Z;Thalanthyr;Duo;TPP;Baltic_Main;27.3;33;53;19;1;0;1;0;10.1;196.05;10.6;0;0;0;3;706;2267;0;0;0;0;real_embo
e609c2a3-ef81-4cba-b51e-5f2db7838aaf;2026-08-12T18:45:31Z;real_embo;Duo;TPP;Savage_Main;22.3;3;47;29;6;1;2;2;727.4;75.14;20.9;1;6;5;15;3084;1191;0;0;0;0;Thalanthyr
e609c2a3-ef81-4cba-b51e-5f2db7838aaf;2026-08-12T18:45:31Z;Thalanthyr;Duo;TPP;Savage_Main;22.3;3;47;29;2;2;2;0;159.0;7.91;18.4;1;3;1;8;2888;102;0;0;0;0;real_embo
e8d7da8f-2413-44e0-8ffa-ffffd2f8978a;2026-08-12T19:10:04Z;Thalanthyr;Duo;TPP;Baltic_Main;26.8;17;51;32;1;0;1;1;260.8;4.54;14.7;0;2;2;5;1985;2952;0;0;0;0;Lacan123
e8d7da8f-2413-44e0-8ffa-ffffd2f8978a;2026-08-12T19:10:04Z;Lacan123;Duo;TPP;Baltic_Main;26.8;17;51;32;1;0;0;0;117.1;5.03;14.7;1;3;3;9;1818;2980;0;0;0;0;Thalanthyr
b9a4a1b9-6aa3-409c-bf97-b1c2a0e02021;2026-08-12T19:26:24Z;Thalanthyr;Squad;TPP;Baltic_Main;26.4;2;27;28;5;0;5;0;417.6;322.31;26.3;2;2;5;7;2882;5093;0;0;0;0;Baerli162|Lacan123|Toufiotis
b9a4a1b9-6aa3-409c-bf97-b1c2a0e02021;2026-08-12T19:26:24Z;Baerli162;Squad;TPP;Baltic_Main;26.4;2;27;28;2;3;3;0;369.6;10.54;24.1;0;1;7;9;3259;4689;0;0;0;0;Lacan123|Thalanthyr|Toufiotis
b9a4a1b9-6aa3-409c-bf97-b1c2a0e02021;2026-08-12T19:26:24Z;Lacan123;Squad;TPP;Baltic_Main;26.4;2;27;28;2;2;1;1;278.8;23.71;26.3;0;3;11;10;3708;5408;0;0;0;0;Baerli162|Thalanthyr|Toufiotis
2e28014b-d242-4f5e-b468-d6210b113aec;2026-08-12T19:54:57Z;Lacan123;Squad;TPP;Baltic_Main;24.1;15;26;19;1;0;1;0;87.1;6.08;11.1;1;0;0;7;1163;4035;0;0;0;0;Baerli162|Thalanthyr
2e28014b-d242-4f5e-b468-d6210b113aec;2026-08-12T19:54:57Z;Thalanthyr;Squad;TPP;Baltic_Main;24.1;15;26;19;0;0;0;0;0;0;10.7;0;0;0;5;1084;3944;0;0;0;0;Baerli162|Lacan123
2e28014b-d242-4f5e-b468-d6210b113aec;2026-08-12T19:54:57Z;Baerli162;Squad;TPP;Baltic_Main;24.1;15;26;19;0;1;0;0;45.6;0;10.7;0;0;0;10;764;4548;0;0;0;0;Lacan123|Thalanthyr
e4039ece-3462-4f70-9413-8b0dc143fcb4;2026-08-12T20:07:47Z;Thalanthyr;Squad;TPP;Tiger_Main;26.7;22;28;21;2;0;1;1;75;28.75;5.7;1;2;0;10;516;0;0;0;0;0;Baerli162|Lacan123
e4039ece-3462-4f70-9413-8b0dc143fcb4;2026-08-12T20:07:47Z;Baerli162;Squad;TPP;Tiger_Main;26.7;22;28;21;2;0;2;1;236.0;22.35;6.4;0;7;2;5;641;0;0;0;0;0;Lacan123|Thalanthyr
e4039ece-3462-4f70-9413-8b0dc143fcb4;2026-08-12T20:07:47Z;Lacan123;Squad;TPP;Tiger_Main;26.7;22;28;21;0;1;0;0;83.9;0;4.0;0;6;2;4;304;0;0;0;0;0;Baerli162|Thalanthyr
07f1f5ff-edcc-4f2c-90b4-aea78eeb49c8;2026-08-12T20:16:06Z;Baerli162;Squad;TPP;Tiger_Main;28.0;23;27;16;0;0;0;0;0;0;9.7;0;0;0;9;1310;1368;0;0;0;0;Lacan123|Thalanthyr
07f1f5ff-edcc-4f2c-90b4-aea78eeb49c8;2026-08-12T20:16:06Z;Thalanthyr;Squad;TPP;Tiger_Main;28.0;23;27;16;0;0;0;0;20.3;0;9.7;0;0;2;6;1282;100;0;0;0;0;Baerli162|Lacan123
07f1f5ff-edcc-4f2c-90b4-aea78eeb49c8;2026-08-12T20:16:06Z;Lacan123;Squad;TPP;Tiger_Main;28.0;23;27;16;0;0;0;0;0;0;9.7;0;0;3;3;1683;137;0;0;0;0;Baerli162|Thalanthyr
39c452d7-878a-49cb-b10f-345a34548794;2026-08-13T18:43:42Z;Thalanthyr;Duo;TPP;Baltic_Main;28.4;47;51;28;0;0;0;0;21.6;0;3.3;0;0;0;2;356;0;0;0;0;0;real_embo
39c452d7-878a-49cb-b10f-345a34548794;2026-08-13T18:43:42Z;real_embo;Duo;TPP;Baltic_Main;28.4;47;51;28;0;0;0;0;0;0;2.1;0;0;0;2;98;0;0;0;0;0;Thalanthyr
934732c4-1ca3-4501-bfa4-3e2cf2fc71ad;2026-08-13T18:48:31Z;Thalanthyr;Duo;TPP;Tiger_Main;27.2;48;51;48;0;0;0;0;0;0;2.6;1;0;1;3;165;0;0;0;0;0;real_embo
934732c4-1ca3-4501-bfa4-3e2cf2fc71ad;2026-08-13T18:48:31Z;real_embo;Duo;TPP;Tiger_Main;27.2;48;51;48;2;0;1;1;262.4;32.08;2.6;0;1;0;1;100;0;0;0;0;0;Thalanthyr
371af9b0-182c-424d-8815-1a3850867424;2026-08-13T18:52:35Z;Thalanthyr;Duo;TPP;Tiger_Main;28.7;48;50;49;0;0;0;0;0;0;1.9;0;0;0;1;71;0;0;0;0;0;real_embo
371af9b0-182c-424d-8815-1a3850867424;2026-08-13T18:52:35Z;real_embo;Duo;TPP;Tiger_Main;28.7;48;50;49;1;0;1;1;167.8;5.0;2.0;0;0;0;3;66;0;0;0;0;0;Thalanthyr
e01c7e47-ba60-4b96-be89-d964badd5171;2026-08-14T18:13:01Z;Thalanthyr;Squad;TPP;Tiger_Main;26.1;22;29;17;0;0;0;0;116.9;0;4.5;0;3;0;5;236;0;0;0;0;0;Lacan123|real_embo
e01c7e47-ba60-4b96-be89-d964badd5171;2026-08-14T18:13:01Z;Lacan123;Squad;TPP;Tiger_Main;26.1;22;29;17;0;0;0;0;0;0;4.5;1;1;1;3;418;0;0;0;0;0;Thalanthyr|real_embo
e01c7e47-ba60-4b96-be89-d964badd5171;2026-08-14T18:13:01Z;real_embo;Squad;TPP;Tiger_Main;26.1;22;29;17;1;0;1;0;124.7;2.74;4.4;0;0;0;5;443;0;0;0;0;0;Lacan123|Thalanthyr
9e0fdf9d-23f9-45fb-947e-c421f11d3fbc;2026-08-14T18:19:31Z;real_embo;Squad;TPP;Tiger_Main;27.4;6;29;14;3;1;3;1;353.1;42.22;21.7;1;4;4;11;2196;7532;0;0;0;0;Lacan123|Thalanthyr
9e0fdf9d-23f9-45fb-947e-c421f11d3fbc;2026-08-14T18:19:31Z;Lacan123;Squad;TPP;Tiger_Main;27.4;6;29;14;1;0;1;0;100;26.2;22.2;3;5;5;13;2007;6741;0;0;0;0;Thalanthyr|real_embo
9e0fdf9d-23f9-45fb-947e-c421f11d3fbc;2026-08-14T18:19:31Z;Thalanthyr;Squad;TPP;Tiger_Main;27.4;6;29;14;1;1;1;0;145.3;3.76;21.4;2;5;5;4;1666;7524;0;0;0;0;Lacan123|real_embo
a93fd6e5-6898-4731-8f48-b3490a856c98;2026-08-14T18:43:57Z;Thalanthyr;Squad;TPP;Baltic_Main;24.9;3;27;14;1;1;1;0;59.0;11.38;9.5;1;0;0;5;1243;36;0;0;0;0;Lacan123|real_embo
a93fd6e5-6898-4731-8f48-b3490a856c98;2026-08-14T18:43:57Z;Lacan123;Squad;TPP;Baltic_Main;24.9;3;27;14;3;0;2;0;264.2;191.77;24.7;1;7;9;12;3067;1271;0;0;0;0;Thalanthyr|real_embo
a93fd6e5-6898-4731-8f48-b3490a856c98;2026-08-14T18:43:57Z;real_embo;Squad;TPP;Baltic_Main;24.9;3;27;14;4;3;4;1;577.5;63.19;24.7;2;8;8;13;3202;1564;0;0;0;0;Lacan123|Thalanthyr
f175fe14-f0f9-408a-ba85-013209999b24;2026-08-14T19:19:06Z;Thalanthyr;Squad;TPP;Savage_Main;21.7;18;24;15;0;0;0;0;0;0;6.1;0;0;0;9;944;0;0;0;0;0;Baerli162|Lacan123|real_embo
f175fe14-f0f9-408a-ba85-013209999b24;2026-08-14T19:19:06Z;Lacan123;Squad;TPP;Savage_Main;21.7;18;24;15;1;0;1;1;75.2;34.68;7.3;1;0;0;7;1051;0;0;0;0;0;Baerli162|Thalanthyr|real_embo
f175fe14-f0f9-408a-ba85-013209999b24;2026-08-14T19:19:06Z;Baerli162;Squad;TPP;Savage_Main;21.7;18;24;15;0;1;0;0;70.6;0;6.7;0;2;1;4;759;0;0;0;0;0;Lacan123|Thalanthyr|real_embo
f175fe14-f0f9-408a-ba85-013209999b24;2026-08-14T19:19:06Z;real_embo;Squad;TPP;Savage_Main;21.7;18;24;15;2;0;2;0;145.1;38.38;7.3;1;0;0;5;1014;0;0;0;0;0;Baerli162|Lacan123|Thalanthyr
13ff2c1a-6892-4808-94c7-61e0bd0775b3;2026-08-14T19:28:18Z;Baerli162;Squad;TPP;Baltic_Main;26.1;26;28;11;1;1;2;0;250.5;17.12;3.2;0;1;0;2;234;0;0;0;0;0;Lacan123|Thalanthyr|real_embo
13ff2c1a-6892-4808-94c7-61e0bd0775b3;2026-08-14T19:28:18Z;Lacan123;Squad;TPP;Baltic_Main;26.1;26;28;11;0;1;0;0;56.4;0;2.5;0;0;0;4;208;0;0;0;0;0;Baerli162|Thalanthyr|real_embo
13ff2c1a-6892-4808-94c7-61e0bd0775b3;2026-08-14T19:28:18Z;Thalanthyr;Squad;TPP;Baltic_Main;26.1;26;28;11;0;1;0;0;25.9;0;2.3;0;0;0;2;189;0;0;0;0;0;Baerli162|Lacan123|real_embo
13ff2c1a-6892-4808-94c7-61e0bd0775b3;2026-08-14T19:28:18Z;real_embo;Squad;TPP;Baltic_Main;26.1;26;28;11;2;0;1;1;201.8;38.6;3.2;1;0;0;3;383;0;0;0;0;0;Baerli162|Lacan123|Thalanthyr
de8205a6-29ab-43c9-ac7f-74a65c287ab0;2026-08-14T19:33:26Z;Thalanthyr;Squad;TPP;Baltic_Main;27.8;13;26;15;0;0;0;0;0;0;14.8;0;0;2;3;1353;4939;0;0;0;0;Baerli162|Lacan123|real_embo
de8205a6-29ab-43c9-ac7f-74a65c287ab0;2026-08-14T19:33:26Z;real_embo;Squad;TPP;Baltic_Main;27.8;13;26;15;0;0;0;0;0;0;14.8;0;0;1;6;1215;4985;0;0;0;0;Baerli162|Lacan123|Thalanthyr
de8205a6-29ab-43c9-ac7f-74a65c287ab0;2026-08-14T19:33:26Z;Lacan123;Squad;TPP;Baltic_Main;27.8;13;26;15;0;0;0;0;0;0;14.8;0;0;2;6;1155;5121;0;0;0;0;Baerli162|Thalanthyr|real_embo
de8205a6-29ab-43c9-ac7f-74a65c287ab0;2026-08-14T19:33:26Z;Baerli162;Squad;TPP;Baltic_Main;27.8;13;26;15;0;0;0;0;0;0;14.8;0;0;0;14;1325;5174;0;0;0;0;Lacan123|Thalanthyr|real_embo
6a5fb17a-04d3-4894-b37a-b721a60edb82;2026-08-14T19:50:19Z;Thalanthyr;Squad;TPP;Baltic_Main;26.7;2;28;28;2;1;1;1;218.7;28.13;19.1;2;2;5;6;1870;2586;0;0;0;0;Baerli162|Lacan123|real_embo
6a5fb17a-04d3-4894-b37a-b721a60edb82;2026-08-14T19:50:19Z;Lacan123;Squad;TPP;Baltic_Main;26.7;2;28;28;1;0;2;0;211.3;1.76;23.1;0;0;4;15;3247;497;2;0;0;0;Baerli162|Thalanthyr|real_embo
6a5fb17a-04d3-4894-b37a-b721a60edb82;2026-08-14T19:50:19Z;Baerli162;Squad;TPP;Baltic_Main;26.7;2;28;28;0;0;0;0;59.1;0;13.6;0;1;3;11;2188;838;0;0;0;0;Lacan123|Thalanthyr|real_embo
6a5fb17a-04d3-4894-b37a-b721a60edb82;2026-08-14T19:50:19Z;real_embo;Squad;TPP;Baltic_Main;26.7;2;28;28;2;5;4;0;678.7;46.28;19.3;1;4;4;12;2539;2592;0;0;0;0;Baerli162|Lacan123|Thalanthyr
8f2a61c9-5d86-417e-bb46-03bc7458c21c;2026-08-14T20:19:10Z;Thalanthyr;Squad;TPP;Tiger_Main;24.6;14;26;13;0;0;0;0;85.6;0;12.9;0;1;3;3;783;6543;0;0;0;0;Baerli162|Lacan123|real_embo
8f2a61c9-5d86-417e-bb46-03bc7458c21c;2026-08-14T20:19:10Z;Lacan123;Squad;TPP;Tiger_Main;24.6;14;26;13;0;0;0;0;33.4;0;12.9;0;0;1;4;1118;6678;0;0;0;0;Baerli162|Thalanthyr|real_embo
8f2a61c9-5d86-417e-bb46-03bc7458c21c;2026-08-14T20:19:10Z;real_embo;Squad;TPP;Tiger_Main;24.6;14;26;13;0;0;0;0;52.6;0;12.9;2;1;1;12;785;6523;0;0;0;0;Baerli162|Lacan123|Thalanthyr
8f2a61c9-5d86-417e-bb46-03bc7458c21c;2026-08-14T20:19:10Z;Baerli162;Squad;TPP;Tiger_Main;24.6;14;26;13;0;0;0;0;0;0;12.9;0;2;1;11;796;6696;0;0;0;0;Lacan123|Thalanthyr|real_embo
c520888b-7b7a-4490-8369-267cfa94cb26;2026-08-14T20:33:54Z;Baerli162;Squad;TPP;Savage_Main;22.6;11;28;17;0;0;0;0;11.1;0;7.5;0;0;0;6;1201;129;0;0;0;0;Lacan123|Thalanthyr|real_embo
c520888b-7b7a-4490-8369-267cfa94cb26;2026-08-14T20:33:54Z;Thalanthyr;Squad;TPP;Savage_Main;22.6;11;28;17;0;0;0;0;23.4;0;10.4;0;2;1;4;1416;131;0;0;0;0;Baerli162|Lacan123|real_embo
c520888b-7b7a-4490-8369-267cfa94cb26;2026-08-14T20:33:54Z;real_embo;Squad;TPP;Savage_Main;22.6;11;28;17;0;1;0;0;113.9;0;9.4;0;1;2;6;1568;129;0;0;0;0;Baerli162|Lacan123|Thalanthyr
c520888b-7b7a-4490-8369-267cfa94cb26;2026-08-14T20:33:54Z;Lacan123;Squad;TPP;Savage_Main;22.6;11;28;17;3;0;3;2;298.1;40.38;15.4;2;3;6;8;2035;478;0;0;0;0;Baerli162|Thalanthyr|real_embo
9a91d6ed-d9ff-4e78-8551-8d7b8829fad1;2026-08-14T20:51:04Z;Thalanthyr;Squad;TPP;Tiger_Main;27.9;3;27;27;0;1;0;0;105.4;0;24.3;1;3;4;11;2386;6380;0;0;0;1;Baerli162|Lacan123|real_embo
9a91d6ed-d9ff-4e78-8551-8d7b8829fad1;2026-08-14T20:51:04Z;real_embo;Squad;TPP;Tiger_Main;27.9;3;27;27;1;0;1;0;100.2;109.39;23.3;0;2;6;17;2466;6929;0;0;0;0;Baerli162|Lacan123|Thalanthyr
9a91d6ed-d9ff-4e78-8551-8d7b8829fad1;2026-08-14T20:51:04Z;Baerli162;Squad;TPP;Tiger_Main;27.9;3;27;27;2;1;1;0;341.0;87.28;25.3;0;0;7;12;2878;6223;0;0;0;2;Lacan123|Thalanthyr|real_embo
9a91d6ed-d9ff-4e78-8551-8d7b8829fad1;2026-08-14T20:51:04Z;Lacan123;Squad;TPP;Tiger_Main;27.9;3;27;27;3;1;1;1;104.4;237.3;25.9;0;2;7;9;2927;6716;0;0;0;0;Baerli162|Thalanthyr|real_embo
4eecfc30-5d07-4ba8-a75b-aa6637fcb8a4;2026-08-14T21:20:46Z;Baerli162;Squad;TPP;Baltic_Main;25.0;27;28;14;0;1;1;0;228.8;0;2.5;0;0;0;1;287;0;0;0;0;0;Lacan123|Thalanthyr
4eecfc30-5d07-4ba8-a75b-aa6637fcb8a4;2026-08-14T21:20:46Z;Thalanthyr;Squad;TPP;Baltic_Main;25.0;27;28;14;0;0;0;0;13.0;0;2.5;0;0;0;3;309;0;0;0;0;0;Baerli162|Lacan123
4eecfc30-5d07-4ba8-a75b-aa6637fcb8a4;2026-08-14T21:20:46Z;Lacan123;Squad;TPP;Baltic_Main;25.0;27;28;14;1;0;1;0;53.1;5.11;2.5;0;0;0;5;115;0;0;0;0;0;Baerli162|Thalanthyr
71841e28-d4d3-4fa9-884d-d8b042cf269b;2026-08-14T21:25:14Z;Thalanthyr;Squad;TPP;Baltic_Main;28.1;2;26;8;1;0;2;0;230.7;4.77;16.1;1;3;5;7;1562;1388;0;0;0;0;Baerli162|Lacan123
71841e28-d4d3-4fa9-884d-d8b042cf269b;2026-08-14T21:25:14Z;Lacan123;Squad;TPP;Baltic_Main;28.1;2;26;8;4;2;3;0;350.9;106.39;28.1;1;6;10;8;2617;7693;0;0;0;0;Baerli162|Thalanthyr
71841e28-d4d3-4fa9-884d-d8b042cf269b;2026-08-14T21:25:14Z;Baerli162;Squad;TPP;Baltic_Main;28.1;2;26;8;1;0;1;0;78;7.69;9.6;0;4;5;15;1078;0;0;0;0;0;Lacan123|Thalanthyr
712bda9d-6c94-47e2-aeb5-31239e489f57;2026-08-15T18:19:45Z;real_embo;Duo;TPP;Savage_Main;24.0;37;48;24;0;0;0;0;0;0;3.7;0;0;0;6;449;0;0;0;0;0;
889f60d1-67dd-4da8-ba36-dd8cb295ac4e;2026-08-15T18:25:18Z;real_embo;Duo;TPP;Tiger_Main;26.0;27;52;30;1;0;0;1;24.1;131.8;10.3;0;0;2;11;1405;0;0;0;0;0;
d90a30f7-ecc8-461c-9ca2-551155084f6d;2026-08-16T12:14:09Z;Lacan123;Solo;TPP;Range_Main;14.1;0;1;1;19;0;0;14;1645;54.37;14.1;1;2;2;6;1128;100;0;0;0;0;
7d6005dc-7c7b-42a3-905e-cb8006515465;2026-08-16T12:32:48Z;Lacan123;Solo;TPP;Baltic_Main;27.6;4;99;100077;1;0;0;1;140.9;21.69;26.5;0;0;3;10;3055;5995;0;0;0;0;
497a25c0-dd80-4eef-b6f6-27f38270b121;2026-08-16T13:01:35Z;Lacan123;Solo;TPP;Savage_Main;26.6;48;99;100039;2;0;0;0;270.8;72.19;8.3;0;6;2;10;1244;0;0;0;0;0;
8d48dbb6-1e5f-4d15-9162-fb5c57ed2359;2026-08-16T13:13:55Z;Lacan123;Solo;TPP;Baltic_Main;29.0;43;99;100004;6;0;0;1;478.6;104.4;13.2;0;2;3;5;949;5717;0;0;0;0;
b718da69-db0f-4b17-ba18-fae14df39365;2026-08-16T13:29:44Z;Lacan123;Solo;TPP;Baltic_Main;28.2;52;100;100007;2;0;0;0;177;7.14;9.3;0;0;1;8;1450;1853;0;1;0;0;
d4e483b6-1a2e-484f-8190-a8c27d13f8bb;2026-08-16T17:35:22Z;real_embo;Duo;TPP;Savage_Main;22.4;49;49;25;0;0;0;0;0;0;9.8;0;0;0;0;0;0;0;0;0;0;
a0ce6a59-9fdf-4dd2-8bff-8260e48c6356;2026-08-16T17:38:22Z;real_embo;Squad;TPP;Baltic_Main;27.7;12;28;13;1;0;1;0;156.5;126.49;13.3;0;0;2;11;1770;4568;0;0;0;0;Lacan123|Thalanthyr
a0ce6a59-9fdf-4dd2-8bff-8260e48c6356;2026-08-16T17:38:22Z;Lacan123;Squad;TPP;Baltic_Main;27.7;12;28;13;0;0;0;0;0;0;13.2;0;0;1;5;1844;4324;0;0;0;0;Thalanthyr|real_embo
a0ce6a59-9fdf-4dd2-8bff-8260e48c6356;2026-08-16T17:38:22Z;Thalanthyr;Squad;TPP;Baltic_Main;27.7;12;28;13;0;1;0;0;46.5;0;13.3;0;8;4;9;1605;4477;0;0;0;0;Lacan123|real_embo
61a2eda1-7ae5-49eb-8ef1-e504ee8bd46d;2026-08-16T17:53:28Z;Thalanthyr;Squad;TPP;Tiger_Main;26.4;2;27;17;0;0;0;0;55.9;0;12.1;0;1;2;12;655;3787;0;0;0;0;Lacan123|real_embo
61a2eda1-7ae5-49eb-8ef1-e504ee8bd46d;2026-08-16T17:53:28Z;Lacan123;Squad;TPP;Tiger_Main;26.4;2;27;17;1;0;1;0;47.7;7.04;15.1;0;4;3;9;1195;3525;15;0;0;0;Thalanthyr|real_embo
61a2eda1-7ae5-49eb-8ef1-e504ee8bd46d;2026-08-16T17:53:28Z;real_embo;Squad;TPP;Tiger_Main;26.4;2;27;17;4;1;3;1;508.8;175.87;23.4;0;4;5;15;1885;2672;0;0;0;0;Lacan123|Thalanthyr
2a1a01d1-3084-4cb6-b921-583647f518dd;2026-08-16T18:21:31Z;Thalanthyr;Squad;TPP;Baltic_Main;27.7;23;27;27;1;0;0;1;0;25.52;3.8;0;0;0;2;263;0;0;0;0;0;Lacan123|real_embo
2a1a01d1-3084-4cb6-b921-583647f518dd;2026-08-16T18:21:31Z;real_embo;Squad;TPP;Baltic_Main;27.7;23;27;27;0;0;0;0;0;0;3.7;0;0;1;3;213;0;0;0;0;0;Lacan123|Thalanthyr
2a1a01d1-3084-4cb6-b921-583647f518dd;2026-08-16T18:21:31Z;Lacan123;Squad;TPP;Baltic_Main;27.7;23;27;27;0;0;0;0;0;0;4.9;1;0;0;3;260;0;0;0;0;0;Thalanthyr|real_embo
b54dfa3a-4d10-4af4-8c66-1761b96db5a4;2026-08-16T18:28:17Z;Lacan123;Squad;TPP;Tiger_Main;25.4;14;27;20;0;0;0;0;0;0;8.5;0;0;0;5;837;1311;0;0;0;0;Thalanthyr|real_embo
b54dfa3a-4d10-4af4-8c66-1761b96db5a4;2026-08-16T18:28:17Z;real_embo;Squad;TPP;Tiger_Main;25.4;14;27;20;0;0;1;0;100.0;0;8.5;0;0;0;10;1031;1304;0;0;0;0;Lacan123|Thalanthyr
b54dfa3a-4d10-4af4-8c66-1761b96db5a4;2026-08-16T18:28:17Z;Thalanthyr;Squad;TPP;Tiger_Main;25.4;14;27;20;0;0;0;0;0;0;8.5;0;0;0;6;793;1311;0;0;0;0;Lacan123|real_embo
9eab5681-3ae8-4cc9-bd33-fd3b6b49b3c5;2026-08-16T18:38:59Z;Lacan123;Squad;TPP;Baltic_Main;28.0;6;28;25;1;0;1;0;78.1;14.34;22.6;1;4;6;8;2991;6200;0;0;0;0;Thalanthyr|real_embo
9eab5681-3ae8-4cc9-bd33-fd3b6b49b3c5;2026-08-16T18:38:59Z;Thalanthyr;Squad;TPP;Baltic_Main;28.0;6;28;25;0;2;0;0;162.2;0;22.7;0;4;4;7;2339;6078;0;0;0;0;Lacan123|real_embo
9eab5681-3ae8-4cc9-bd33-fd3b6b49b3c5;2026-08-16T18:38:59Z;real_embo;Squad;TPP;Baltic_Main;28.0;6;28;25;2;2;3;0;680.7;75.58;23.4;2;2;5;4;2774;6065;0;0;0;0;Lacan123|Thalanthyr
dad5259b-b733-41eb-87de-ae7e3f5fcb86;2026-08-16T19:06:11Z;Thalanthyr;Squad;TPP;Baltic_Main;25.4;9;27;12;0;0;0;0;64.9;0;18.7;0;1;3;4;2134;1295;0;0;0;0;Lacan123|real_embo
dad5259b-b733-41eb-87de-ae7e3f5fcb86;2026-08-16T19:06:11Z;Lacan123;Squad;TPP;Baltic_Main;25.4;9;27;12;0;0;0;0;29.0;0;13.9;0;2;3;10;1698;1757;0;0;0;0;Thalanthyr|real_embo
dad5259b-b733-41eb-87de-ae7e3f5fcb86;2026-08-16T19:06:11Z;real_embo;Squad;TPP;Baltic_Main;25.4;9;27;12;0;0;0;0;0;0;12.5;0;0;0;0;0;0;0;0;0;0;Lacan123|Thalanthyr
9a8deb84-97af-4bfb-b5ab-36f46706f6f4;2026-08-16T19:27:11Z;Lacan123;Squad;TPP;Tiger_Main;26.8;23;29;24;0;0;0;0;0;0;1.5;0;0;0;2;59;0;0;0;0;0;Thalanthyr|playdomer
9a8deb84-97af-4bfb-b5ab-36f46706f6f4;2026-08-16T19:27:11Z;Thalanthyr;Squad;TPP;Tiger_Main;26.8;23;29;24;1;3;0;1;112.8;95.33;4.2;0;6;0;2;295;0;0;0;0;0;Lacan123|playdomer
7d02bcd4-18c6-4a8d-a393-35071e21c87a;2026-08-16T19:36:36Z;Thalanthyr;Squad;TPP;Savage_Main;21.1;13;27;17;0;0;0;0;46.3;0;7.6;0;1;1;4;916;0;0;0;0;0;Lacan123|playdomer
7d02bcd4-18c6-4a8d-a393-35071e21c87a;2026-08-16T19:36:36Z;Lacan123;Squad;TPP;Savage_Main;21.1;13;27;17;0;0;0;0;48.9;0;8.8;1;5;2;6;925;872;0;0;0;0;Thalanthyr|playdomer
d339866b-431d-427b-b876-1922377f3572;2026-08-16T19:47:32Z;Thalanthyr;Squad;TPP;Tiger_Main;25.9;2;26;14;3;1;1;1;211.2;28.13;18.3;0;2;7;5;1377;6699;0;0;0;0;Baerli162|Lacan123|playdomer
d339866b-431d-427b-b876-1922377f3572;2026-08-16T19:47:32Z;Baerli162;Squad;TPP;Tiger_Main;25.9;2;26;14;3;2;3;0;467.3;118.47;20.9;0;4;5;6;2309;6305;0;0;0;0;Lacan123|Thalanthyr|playdomer
d339866b-431d-427b-b876-1922377f3572;2026-08-16T19:47:32Z;Lacan123;Squad;TPP;Tiger_Main;25.9;2;26;14;7;2;3;2;710.1;113.73;25.4;5;10;9;11;2796;7159;0;0;0;0;Baerli162|Thalanthyr|playdomer
05a7a894-7df3-4d2d-917a-68ebc13920de;2026-08-16T20:15:15Z;Thalanthyr;Squad;TPP;Savage_Main;22.7;16;25;24;0;0;0;0;0;0;7.5;0;0;2;6;860;288;0;0;0;0;Baerli162|Lacan123|playdomer
05a7a894-7df3-4d2d-917a-68ebc13920de;2026-08-16T20:15:15Z;Baerli162;Squad;TPP;Savage_Main;22.7;16;25;24;0;0;0;0;26.4;0;7.5;0;0;3;7;848;1387;0;0;0;0;Lacan123|Thalanthyr|playdomer
05a7a894-7df3-4d2d-917a-68ebc13920de;2026-08-16T20:15:15Z;Lacan123;Squad;TPP;Savage_Main;22.7;16;25;24;0;0;0;0;0;0;7.5;0;0;1;7;890;1219;0;0;0;0;Baerli162|Thalanthyr|playdomer
a014f5c1-e33d-4604-8611-ef93c1e80eb9;2026-08-16T20:24:44Z;Thalanthyr;Squad;TPP;Tiger_Main;28.5;26;27;25;1;0;1;0;71.2;9.35;4.0;0;0;0;2;446;0;0;0;0;0;Baerli162|Lacan123
a014f5c1-e33d-4604-8611-ef93c1e80eb9;2026-08-16T20:24:44Z;Baerli162;Squad;TPP;Tiger_Main;28.5;26;27;25;0;1;0;0;28.8;0;2.3;0;0;0;2;136;0;0;0;0;0;Lacan123|Thalanthyr
a014f5c1-e33d-4604-8611-ef93c1e80eb9;2026-08-16T20:24:44Z;Lacan123;Squad;TPP;Tiger_Main;28.5;26;27;25;0;0;0;0;93.1;0;3.7;0;0;0;2;247;0;0;0;0;0;Baerli162|Thalanthyr
1b10f7aa-e935-49d5-9575-07ab7ea1fefa;2026-08-17T13:48:50Z;real_embo;Duo;TPP;Tiger_Main;27.8;53;53;13;0;0;0;0;29.4;0;1.7;0;0;0;4;138;0;0;0;0;0;
413ff738-9a4b-4d11-b0eb-acd84ebad929;2026-08-17T13:54:38Z;real_embo;Solo;TPP;Baltic_Main;24.9;9;98;100085;1;0;0;0;125.0;135.64;21.2;0;4;7;10;4766;0;0;0;0;0;
132871f8-509a-4fb4-a4a9-ccbd733158f4;2026-08-17T17:46:42Z;real_embo;Duo;TPP;Tiger_Main;28.2;11;53;34;2;0;2;0;324.1;42.17;18.8;1;1;1;8;1610;2935;0;0;0;0;Lacan123
132871f8-509a-4fb4-a4a9-ccbd733158f4;2026-08-17T17:46:42Z;Lacan123;Duo;TPP;Tiger_Main;28.2;11;53;34;0;0;0;0;38.5;0;13.6;0;1;0;5;866;2557;0;0;0;1;real_embo
583f653d-30ec-4c33-a47a-b0df785589f9;2026-08-17T18:07:32Z;real_embo;Duo;TPP;Savage_Main;23.8;49;50;16;0;0;0;0;0;0;1.7;0;0;0;2;88;0;0;0;0;0;Lacan123
583f653d-30ec-4c33-a47a-b0df785589f9;2026-08-17T18:07:32Z;Lacan123;Duo;TPP;Savage_Main;23.8;49;50;16;0;0;0;0;0;0;1.6;0;0;0;1;54;0;0;0;0;0;real_embo
9dd10f6d-4977-486b-9fe2-2367acaa6674;2026-08-17T18:11:02Z;real_embo;Duo;TPP;Baltic_Main;27.9;28;51;32;0;0;0;0;37.4;0;5.4;0;1;1;10;547;0;0;0;0;0;Lacan123
9dd10f6d-4977-486b-9fe2-2367acaa6674;2026-08-17T18:11:02Z;Lacan123;Duo;TPP;Baltic_Main;27.9;28;51;32;0;0;0;0;0;0;9.9;0;0;1;5;1223;0;0;0;0;0;real_embo
5c238ab3-dca2-4064-bd9e-802aa1850aef;2026-08-17T18:22:30Z;real_embo;Duo;TPP;Savage_Main;22.7;1;49;48;1;0;1;0;100.0;5.1;20.8;0;1;3;17;3878;2553;0;0;0;0;Lacan123
5c238ab3-dca2-4064-bd9e-802aa1850aef;2026-08-17T18:22:30Z;Lacan123;Duo;TPP;Savage_Main;22.7;1;49;48;3;0;1;0;301.5;17.37;22.7;2;1;7;11;3683;3404;3;0;0;0;real_embo
b607f5ec-4253-4da9-99cc-46b8d2bf97ca;2026-08-17T19:17:39Z;Thalanthyr;Duo;TPP;Tiger_Main;25.7;28;53;48;0;0;0;0;0;0;2.0;0;0;0;1;153;0;0;0;0;0;Lacan123
b607f5ec-4253-4da9-99cc-46b8d2bf97ca;2026-08-17T19:17:39Z;Lacan123;Duo;TPP;Tiger_Main;25.7;28;53;48;2;0;1;0;200;4.92;8.5;0;1;1;7;792;0;0;0;0;0;Thalanthyr
1b8e4032-ee3b-4cb1-834f-ec3e8d1518a9;2026-08-17T19:27:56Z;Lacan123;Duo;TPP;Baltic_Main;28.4;32;53;38;0;0;0;0;0;0;10.2;0;1;1;10;1157;2727;0;0;0;0;Thalanthyr
1b8e4032-ee3b-4cb1-834f-ec3e8d1518a9;2026-08-17T19:27:56Z;Thalanthyr;Duo;TPP;Baltic_Main;28.4;32;53;38;0;0;0;0;0;0;10.2;0;0;5;7;1328;2730;0;0;0;0;Lacan123
ed86fbaf-b298-40a7-8868-391997f27c87;2026-08-17T19:40:14Z;Lacan123;Duo;TPP;Baltic_Main;27.6;16;51;47;3;0;1;1;223.6;14.22;16.0;1;4;5;6;2068;1014;0;0;0;0;Thalanthyr
ed86fbaf-b298-40a7-8868-391997f27c87;2026-08-17T19:40:14Z;Thalanthyr;Duo;TPP;Baltic_Main;27.6;16;51;47;1;2;1;0;213.5;6.51;15.7;1;5;5;10;1576;0;0;0;0;0;Lacan123
9a825f27-1e25-47a5-adc5-31286dc9b92a;2026-08-17T20:00:37Z;Thalanthyr;Squad;TPP;Tiger_Main;28.0;22;29;26;3;2;2;1;252.8;52.68;9.2;2;1;2;4;1246;0;7;0;0;0;Baerli162|Lacan123
9a825f27-1e25-47a5-adc5-31286dc9b92a;2026-08-17T20:00:37Z;Baerli162;Squad;TPP;Tiger_Main;28.0;22;29;26;2;1;2;0;273.9;23.39;9.2;0;3;2;8;1260;0;3;0;0;0;Lacan123|Thalanthyr
9a825f27-1e25-47a5-adc5-31286dc9b92a;2026-08-17T20:00:37Z;Lacan123;Squad;TPP;Tiger_Main;28.0;22;29;26;1;0;1;0;100;13.66;3.6;0;1;1;2;423;0;0;0;0;0;Baerli162|Thalanthyr
ff3007cc-ed94-48ae-bfdc-9fa529e4c476;2026-08-17T20:11:34Z;Baerli162;Squad;TPP;Baltic_Main;27.5;28;28;25;0;0;0;0;0;0;4.2;0;0;0;6;374;0;0;0;0;0;Lacan123|Thalanthyr
ff3007cc-ed94-48ae-bfdc-9fa529e4c476;2026-08-17T20:11:34Z;Lacan123;Squad;TPP;Baltic_Main;27.5;28;28;25;0;0;0;0;0;0;4.2;0;0;0;6;432;0;0;0;0;0;Baerli162|Thalanthyr
ff3007cc-ed94-48ae-bfdc-9fa529e4c476;2026-08-17T20:11:34Z;Thalanthyr;Squad;TPP;Baltic_Main;27.5;28;28;25;0;0;0;0;0;0;4.2;0;0;0;3;472;0;0;0;0;0;Baerli162|Lacan123
de60883d-4821-4c23-94f8-1b490c52ea1b;2026-08-17T20:17:21Z;Lacan123;Squad;TPP;Baltic_Main;27.5;10;27;22;1;0;1;0;21.8;237.99;19.8;0;5;2;11;1516;7460;0;0;0;0;Baerli162|Thalanthyr
de60883d-4821-4c23-94f8-1b490c52ea1b;2026-08-17T20:17:21Z;Thalanthyr;Squad;TPP;Baltic_Main;27.5;10;27;22;0;0;0;0;0;0;19.8;0;0;0;7;1625;7351;0;0;0;0;Baerli162|Lacan123
de60883d-4821-4c23-94f8-1b490c52ea1b;2026-08-17T20:17:21Z;Baerli162;Squad;TPP;Baltic_Main;27.5;10;27;22;0;0;0;0;0;0;13.8;0;0;1;7;1210;6102;0;0;0;0;Lacan123|Thalanthyr
90822b71-24dc-4875-9267-b333b078493c;2026-08-17T20:38:48Z;Baerli162;Squad;TPP;Baltic_Main;27.5;12;28;25;3;0;3;0;323.1;135.42;17.4;1;1;3;3;2382;3761;0;0;0;0;Lacan123|Thalanthyr
90822b71-24dc-4875-9267-b333b078493c;2026-08-17T20:38:48Z;Thalanthyr;Squad;TPP;Baltic_Main;27.5;12;28;25;0;1;0;0;0;0;17.4;0;3;2;5;1542;4073;0;0;0;0;Baerli162|Lacan123
90822b71-24dc-4875-9267-b333b078493c;2026-08-17T20:38:48Z;Lacan123;Squad;TPP;Baltic_Main;27.5;12;28;25;0;2;0;0;100.5;0;17.4;2;3;5;8;1388;4472;0;0;0;0;Baerli162|Thalanthyr
b616249c-09c2-4f5c-bbf6-9b5d386e78b1;2026-08-17T20:57:46Z;Lacan123;Squad;TPP;Savage_Main;22.7;5;29;28;2;0;2;0;209.9;54.58;19.9;1;2;3;9;2639;3535;0;0;2;0;Baerli162|Thalanthyr
b616249c-09c2-4f5c-bbf6-9b5d386e78b1;2026-08-17T20:57:46Z;Baerli162;Squad;TPP;Savage_Main;22.7;5;29;28;0;1;1;0;100;0;17.9;0;2;3;14;3202;194;0;0;0;0;Lacan123|Thalanthyr
b616249c-09c2-4f5c-bbf6-9b5d386e78b1;2026-08-17T20:57:46Z;Thalanthyr;Squad;TPP;Savage_Main;22.7;5;29;28;1;0;1;0;184.1;79.4;19.6;0;2;5;5;3419;374;0;0;0;0;Baerli162|Lacan123
2712f1e4-bc8b-46ff-8b02-81f18aaae7e4;2026-08-17T21:19:27Z;Thalanthyr;Squad;TPP;Savage_Main;24.2;22;28;20;0;0;0;0;0;0;2.6;0;0;0;2;214;0;0;0;0;0;Baerli162|Lacan123
2712f1e4-bc8b-46ff-8b02-81f18aaae7e4;2026-08-17T21:19:27Z;Lacan123;Squad;TPP;Savage_Main;24.2;22;28;20;3;0;4;0;477.1;3.51;6.0;0;4;0;5;395;0;0;0;0;0;Baerli162|Thalanthyr
2712f1e4-bc8b-46ff-8b02-81f18aaae7e4;2026-08-17T21:19:27Z;Baerli162;Squad;TPP;Savage_Main;24.2;22;28;20;1;0;1;1;100;3.6;1.7;0;0;0;1;48;0;0;0;0;0;Lacan123|Thalanthyr
3cefdb00-e868-41f0-8447-a111575f3753;2026-08-18T19:36:28Z;Lacan123;Duo;TPP;Savage_Main;24.1;9;49;37;2;0;1;2;261.8;83.37;18.6;0;1;2;11;2570;2264;0;0;0;0;Thalanthyr
3cefdb00-e868-41f0-8447-a111575f3753;2026-08-18T19:36:28Z;Thalanthyr;Duo;TPP;Savage_Main;24.1;9;49;37;1;0;0;0;151.7;34.29;18.2;0;0;4;7;1830;2150;0;0;0;0;Lacan123
1a11f152-4fdf-4cfe-b154-b014472d8507;2026-08-18T19:59:13Z;Baerli162;Squad;TPP;Tiger_Main;26.4;2;32;31;4;2;4;0;621.2;250.21;20.4;0;2;5;23;2466;1163;0;0;0;0;Lacan123|Thalanthyr
1a11f152-4fdf-4cfe-b154-b014472d8507;2026-08-18T19:59:13Z;Thalanthyr;Squad;TPP;Tiger_Main;26.4;2;32;31;1;1;1;0;226.9;2.97;25.4;1;7;5;10;2286;5825;0;0;0;0;Baerli162|Lacan123
1a11f152-4fdf-4cfe-b154-b014472d8507;2026-08-18T19:59:13Z;Lacan123;Squad;TPP;Tiger_Main;26.4;2;32;31;4;2;5;1;555.5;52.09;26.4;2;1;7;7;3080;5776;0;0;0;0;Baerli162|Thalanthyr
3aeda736-9131-4e65-9a5f-76c2af0a9405;2026-08-18T20:27:31Z;Thalanthyr;Squad;TPP;Savage_Main;23.0;4;30;12;4;3;2;1;445.4;128.68;20.4;1;6;3;6;2196;1100;0;0;0;1;Baerli162|Lacan123
3aeda736-9131-4e65-9a5f-76c2af0a9405;2026-08-18T20:27:31Z;Lacan123;Squad;TPP;Savage_Main;23.0;4;30;12;3;3;2;0;287.8;20.06;21.2;3;3;5;8;3220;1148;0;0;0;0;Baerli162|Thalanthyr
3aeda736-9131-4e65-9a5f-76c2af0a9405;2026-08-18T20:27:31Z;Baerli162;Squad;TPP;Savage_Main;23.0;4;30;12;1;1;1;1;130.9;134.28;21.2;0;2;5;9;3384;894;0;0;0;0;Lacan123|Thalanthyr
dbe7d55c-d4b1-4cfa-8a53-27fb422fddcd;2026-08-18T20:50:29Z;Lacan123;Squad;TPP;Baltic_Main;28.1;27;28;24;1;0;1;0;174.5;0.6;4.6;0;1;2;5;510;0;0;0;0;0;Baerli162|Thalanthyr
dbe7d55c-d4b1-4cfa-8a53-27fb422fddcd;2026-08-18T20:50:29Z;Thalanthyr;Squad;TPP;Baltic_Main;28.1;27;28;24;0;0;0;0;0;0;1.3;0;0;0;1;38;0;0;0;0;0;Baerli162|Lacan123
dbe7d55c-d4b1-4cfa-8a53-27fb422fddcd;2026-08-18T20:50:29Z;Baerli162;Squad;TPP;Baltic_Main;28.1;27;28;24;0;0;0;0;21.6;0;1.4;0;0;0;1;44;0;0;0;0;0;Lacan123|Thalanthyr
d8cb51a8-8c99-4748-ab5e-0b458898723c;2026-08-19T10:35:04Z;real_embo;Solo;TPP;Baltic_Main;28.1;3;97;100046;9;0;1;3;1043.5;206.7;27.4;0;5;12;13;2337;7374;0;0;0;0;
c4c5f414-c01c-484e-89cd-ed7c10e2a01a;2026-08-19T15:23:33Z;real_embo;Solo;TPP;Baltic_Main;28.6;43;96;100084;1;0;0;0;195.6;5.6;10.2;0;3;2;10;578;6971;0;1;0;0;
e82dc89b-5ca0-4a61-9921-95c2b997952e;2026-08-19T17:21:37Z;real_embo;Duo;TPP;Baltic_Main;28.3;31;51;37;0;0;1;0;64.8;0;11.4;0;0;5;10;1384;2729;0;0;0;0;
bf2f4551-9891-4bcd-83f6-d049d3029924;2026-08-19T17:41:39Z;Thalanthyr;Duo;TPP;Baltic_Main;26.8;33;52;15;0;1;0;0;83.8;0;6.3;0;1;0;5;528;0;0;0;0;0;real_embo
bf2f4551-9891-4bcd-83f6-d049d3029924;2026-08-19T17:41:39Z;real_embo;Duo;TPP;Baltic_Main;26.8;33;52;15;2;0;1;1;200;3.97;6.3;1;0;1;4;694;0;0;0;0;0;Thalanthyr
5009ef50-f2c4-42f6-b3c0-fe2804d2919a;2026-08-19T17:50:24Z;Thalanthyr;Duo;TPP;Desert_Main;27.6;10;50;9;0;0;0;0;0;0;20.8;0;0;6;11;2138;8136;0;0;0;0;real_embo
5009ef50-f2c4-42f6-b3c0-fe2804d2919a;2026-08-19T17:50:24Z;real_embo;Duo;TPP;Desert_Main;27.6;10;50;9;1;0;0;0;192.9;2.84;20.7;0;3;6;8;2264;8413;0;0;0;0;Thalanthyr
41154c6d-5949-4025-bbbe-5cff043bc5c7;2026-08-19T18:13:15Z;real_embo;Duo;TPP;Summerland_Main;17.6;28;30;28;0;0;0;0;0;0;1.3;0;0;0;3;82;0;0;0;0;0;Thalanthyr
41154c6d-5949-4025-bbbe-5cff043bc5c7;2026-08-19T18:13:15Z;Thalanthyr;Duo;TPP;Summerland_Main;17.6;28;30;28;0;0;0;0;0;0;1.3;0;0;0;1;96;0;0;0;0;0;real_embo
53fd89eb-446d-4de2-b26c-f9ea7dd0adb2;2026-08-19T18:16:17Z;real_embo;Duo;TPP;Desert_Main;28.4;10;50;38;1;3;1;0;441.4;24.82;22.4;0;4;4;10;3676;1027;0;0;0;0;Thalanthyr
53fd89eb-446d-4de2-b26c-f9ea7dd0adb2;2026-08-19T18:16:17Z;Thalanthyr;Duo;TPP;Desert_Main;28.4;10;50;38;2;1;1;0;114.8;273.67;16.9;1;1;4;7;2425;975;0;0;0;0;real_embo
96ea03e6-6a3b-4cf9-8be8-0ea87566bb77;2026-08-19T18:41:12Z;Thalanthyr;Duo;TPP;Baltic_Main;25.5;18;52;44;0;0;0;0;97.6;0;16.9;0;3;4;6;1651;2766;18;0;0;0;real_embo
96ea03e6-6a3b-4cf9-8be8-0ea87566bb77;2026-08-19T18:41:12Z;real_embo;Duo;TPP;Baltic_Main;25.5;18;52;44;0;0;0;0;0;0;14.5;0;0;2;8;2018;1798;0;0;0;0;Thalanthyr
8eb8f0a3-2cc9-46d6-bcd3-148632253541;2026-08-19T19:00:00Z;real_embo;Duo;TPP;Baltic_Main;27.4;4;48;49;3;0;2;1;625.1;47.64;24.4;0;2;7;14;2763;2253;0;0;0;0;Thalanthyr
8eb8f0a3-2cc9-46d6-bcd3-148632253541;2026-08-19T19:00:00Z;Thalanthyr;Duo;TPP;Baltic_Main;27.4;4;48;49;1;0;0;1;157.3;12.35;18.7;0;2;4;7;1359;1840;0;0;0;0;real_embo
b7712897-a676-477b-a760-1a83c425e11c;2026-08-19T19:27:05Z;Thalanthyr;Squad;TPP;Baltic_Main;28.3;24;27;12;1;0;1;0;137.0;6.66;4.7;0;1;0;4;374;0;0;0;0;0;Baerli162|real_embo
b7712897-a676-477b-a760-1a83c425e11c;2026-08-19T19:27:05Z;real_embo;Squad;TPP;Baltic_Main;28.3;24;27;12;1;0;1;0;140.6;15.74;3.9;2;0;0;5;394;0;0;0;0;0;Baerli162|Thalanthyr
b7712897-a676-477b-a760-1a83c425e11c;2026-08-19T19:27:05Z;Baerli162;Squad;TPP;Baltic_Main;28.3;24;27;12;0;0;0;0;0;0;4.7;1;1;1;3;428;0;0;0;0;0;Thalanthyr|real_embo
d4097d45-de7f-48aa-be35-55118b689dd5;2026-08-19T19:33:30Z;Thalanthyr;Squad;TPP;Summerland_Main;17.9;17;17;11;0;0;0;0;0;0;1.8;0;0;0;2;127;0;0;0;0;0;Baerli162|real_embo
d4097d45-de7f-48aa-be35-55118b689dd5;2026-08-19T19:33:30Z;Baerli162;Squad;TPP;Summerland_Main;17.9;17;17;11;0;0;0;0;0;0;1.8;0;0;0;2;159;0;0;0;0;0;Thalanthyr|real_embo
d4097d45-de7f-48aa-be35-55118b689dd5;2026-08-19T19:33:30Z;real_embo;Squad;TPP;Summerland_Main;17.9;17;17;11;1;0;1;1;100;6.74;1.2;0;0;0;1;51;0;0;0;0;0;Baerli162|Thalanthyr
a5cc34e9-473a-423f-9ec8-5138c8c2dfa4;2026-08-19T19:37:04Z;real_embo;Squad;TPP;Desert_Main;24.8;3;28;11;1;0;2;0;363.2;5.59;21.7;2;4;3;9;2622;4122;0;0;0;0;Baerli162|Thalanthyr
a5cc34e9-473a-423f-9ec8-5138c8c2dfa4;2026-08-19T19:37:04Z;Thalanthyr;Squad;TPP;Desert_Main;24.8;3;28;11;0;1;1;0;100;0;19.2;1;3;3;4;2059;5700;0;0;0;0;Baerli162|real_embo
a5cc34e9-473a-423f-9ec8-5138c8c2dfa4;2026-08-19T19:37:04Z;Baerli162;Squad;TPP;Desert_Main;24.8;3;28;11;0;0;0;0;178.1;0;19.2;0;7;5;4;2841;1421;0;0;0;0;Thalanthyr|real_embo
632ff0f0-c435-4491-abd4-91fc109e4baf;2026-08-19T20:03:33Z;Thalanthyr;Squad;TPP;Baltic_Main;26.6;9;27;22;0;0;0;0;0;0;18.4;0;2;0;8;2731;873;0;0;0;0;Baerli162|real_embo
632ff0f0-c435-4491-abd4-91fc109e4baf;2026-08-19T20:03:33Z;real_embo;Squad;TPP;Baltic_Main;26.6;9;27;22;2;0;2;1;320.4;4.57;17.2;0;9;2;13;3003;0;56;0;0;0;Baerli162|Thalanthyr
632ff0f0-c435-4491-abd4-91fc109e4baf;2026-08-19T20:03:33Z;Baerli162;Squad;TPP;Baltic_Main;26.6;9;27;22;3;2;2;0;348.4;10.07;21.0;1;4;6;8;3441;791;0;0;0;0;Thalanthyr|real_embo
67f6ba0c-8873-4de6-b85b-9f592b6e7873;2026-08-19T20:32:52Z;real_embo;Squad;TPP;Baltic_Main;28.5;15;28;23;0;0;0;0;42.6;0;15.4;0;6;2;9;1818;9614;116;0;0;0;Baerli162|Lacan123|Thalanthyr
67f6ba0c-8873-4de6-b85b-9f592b6e7873;2026-08-19T20:32:52Z;Baerli162;Squad;TPP;Baltic_Main;28.5;15;28;23;0;0;0;0;0;0;15.4;1;0;3;4;1629;8920;125;0;0;0;Lacan123|Thalanthyr|real_embo
67f6ba0c-8873-4de6-b85b-9f592b6e7873;2026-08-19T20:32:52Z;Lacan123;Squad;TPP;Baltic_Main;28.5;15;28;23;0;0;0;0;0;0;15.4;0;5;3;6;1837;9109;67;0;0;0;Baerli162|Thalanthyr|real_embo
67f6ba0c-8873-4de6-b85b-9f592b6e7873;2026-08-19T20:32:52Z;Thalanthyr;Squad;TPP;Baltic_Main;28.5;15;28;23;0;0;0;0;19.8;0;15.4;0;5;4;7;1594;8782;129;0;0;0;Baerli162|Lacan123|real_embo
753523c6-d4a2-4712-a5c4-7622de4e3cd8;2026-08-20T10:28:48Z;real_embo;Solo;TPP;Baltic_Main;27.9;23;100;100034;5;0;0;1;470.7;134.44;16.8;0;2;5;7;2052;6356;0;0;0;0;
da51716d-c2d4-4304-ab8b-e19b5d9d929b;2026-08-20T10:48:09Z;real_embo;Duo;TPP;Baltic_Main;26.3;49;53;32;0;0;0;0;0;0;1.8;0;0;0;4;100;0;0;0;0;0;
91b7256f-5e3d-4405-a9fe-d10d46a961a1;2026-08-20T10:52:35Z;real_embo;Duo;TPP;Summerland_Main;17.6;24;34;8;0;0;0;0;94.7;0;4.2;0;4;1;5;658;0;0;0;0;0;
89c618b0-1383-492b-a766-04af54f6a07d;2026-08-20T10:58:46Z;real_embo;Solo;TPP;Baltic_Main;28.6;46;99;100075;1;0;0;1;142.8;1.98;11.1;0;1;2;11;1119;2139;0;0;0;0;
d7ca4f03-42b6-4ac0-a0fd-a92ff3729a28;2026-08-20T17:52:48Z;Lacan123;Squad;TPP;Desert_Main;26.7;27;27;22;0;0;0;0;0;0;6.1;0;0;1;5;673;0;0;0;0;0;Thalanthyr|real_embo
d7ca4f03-42b6-4ac0-a0fd-a92ff3729a28;2026-08-20T17:52:48Z;Thalanthyr;Squad;TPP;Desert_Main;26.7;27;27;22;0;0;0;0;0;0;1.9;0;0;0;2;105;0;0;0;0;0;Lacan123|real_embo
d7ca4f03-42b6-4ac0-a0fd-a92ff3729a28;2026-08-20T17:52:48Z;real_embo;Squad;TPP;Desert_Main;26.7;27;27;22;1;0;4;0;509.5;42.0;6.1;0;1;1;10;751;0;0;0;0;0;Lacan123|Thalanthyr
2e68fed3-d6b8-4262-9b4c-d31b77a34d37;2026-08-20T18:01:22Z;real_embo;Squad;TPP;Baltic_Main;27.3;17;27;13;1;0;1;0;100;6.67;8.1;0;0;1;7;1207;936;0;0;0;0;Lacan123|Thalanthyr
2e68fed3-d6b8-4262-9b4c-d31b77a34d37;2026-08-20T18:01:22Z;Lacan123;Squad;TPP;Baltic_Main;27.3;17;27;13;0;0;0;0;0;0;8.1;0;0;0;6;1060;815;0;0;0;0;Thalanthyr|real_embo
2e68fed3-d6b8-4262-9b4c-d31b77a34d37;2026-08-20T18:01:22Z;Thalanthyr;Squad;TPP;Baltic_Main;27.3;17;27;13;0;0;0;0;82.2;0;9.3;0;1;0;4;1448;0;0;0;0;0;Lacan123|real_embo
7a3b6a33-38e2-4ec6-a22e-bed6bb69368b;2026-08-20T18:12:22Z;Thalanthyr;Squad;TPP;Baltic_Main;28.2;5;30;21;0;0;1;0;101;0;21.6;2;12;5;8;3133;2439;0;0;0;0;Lacan123|real_embo
7a3b6a33-38e2-4ec6-a22e-bed6bb69368b;2026-08-20T18:12:22Z;real_embo;Squad;TPP;Baltic_Main;28.2;5;30;21;4;0;3;0;446.6;79.42;21.1;0;9;4;14;3992;1494;0;0;0;0;Lacan123|Thalanthyr
7a3b6a33-38e2-4ec6-a22e-bed6bb69368b;2026-08-20T18:12:22Z;Lacan123;Squad;TPP;Baltic_Main;28.2;5;30;21;1;0;0;0;81.5;9.35;16.7;0;12;3;9;2332;2029;0;0;0;0;Thalanthyr|real_embo
be0b1b33-6d9a-4004-aafb-0589921e300e;2026-08-20T18:37:57Z;Thalanthyr;Squad;TPP;Baltic_Main;27.9;16;28;21;0;0;1;0;100.0;0;14.8;0;0;2;8;1457;7380;0;0;0;0;Lacan123|real_embo
be0b1b33-6d9a-4004-aafb-0589921e300e;2026-08-20T18:37:57Z;real_embo;Squad;TPP;Baltic_Main;27.9;16;28;21;0;0;0;0;61.5;0;14.8;0;2;2;10;1330;7496;0;0;0;0;Lacan123|Thalanthyr
be0b1b33-6d9a-4004-aafb-0589921e300e;2026-08-20T18:37:57Z;Lacan123;Squad;TPP;Baltic_Main;27.9;16;28;21;0;0;0;0;0;0;14.8;0;0;2;10;1123;9017;0;0;0;0;Thalanthyr|real_embo
c86b71d8-44b1-40cc-94fa-7b8251baa32e;2026-08-20T18:54:52Z;Thalanthyr;Squad;TPP;Desert_Main;25.3;22;28;18;0;0;0;0;0;0;9.1;0;1;0;5;784;3566;0;0;0;0;Lacan123|real_embo
c86b71d8-44b1-40cc-94fa-7b8251baa32e;2026-08-20T18:54:52Z;real_embo;Squad;TPP;Desert_Main;25.3;22;28;18;1;1;1;0;168.4;45.61;9.1;0;1;1;7;700;3637;0;0;0;0;Lacan123|Thalanthyr
c86b71d8-44b1-40cc-94fa-7b8251baa32e;2026-08-20T18:54:52Z;Lacan123;Squad;TPP;Desert_Main;25.3;22;28;18;1;0;1;0;17.2;3.08;9.1;2;0;0;7;796;3563;0;0;0;0;Thalanthyr|real_embo
47167589-c132-4157-b47e-7f93651b6d6d;2026-08-20T19:06:51Z;real_embo;Squad;TPP;Baltic_Main;26.4;9;29;14;3;1;3;2;260.1;20.09;17.3;0;5;7;10;2507;3700;0;0;0;0;Lacan123|Thalanthyr
47167589-c132-4157-b47e-7f93651b6d6d;2026-08-20T19:06:51Z;Lacan123;Squad;TPP;Baltic_Main;26.4;9;29;14;0;0;0;0;0;0;17.2;0;1;4;7;2353;3667;0;0;0;0;Thalanthyr|real_embo
47167589-c132-4157-b47e-7f93651b6d6d;2026-08-20T19:06:51Z;Thalanthyr;Squad;TPP;Baltic_Main;26.4;9;29;14;2;0;3;0;188.8;11.29;17.2;0;1;4;9;1847;3679;0;0;0;0;Lacan123|real_embo
70d48597-3be6-4d91-8711-6d86f12fd151;2026-08-20T19:26:16Z;Lacan123;Squad;TPP;Baltic_Main;26.3;8;26;10;0;1;0;0;45.6;0;16.8;0;1;1;6;1556;4736;0;0;0;0;Baerli162|Thalanthyr|real_embo
70d48597-3be6-4d91-8711-6d86f12fd151;2026-08-20T19:26:16Z;Baerli162;Squad;TPP;Baltic_Main;26.3;8;26;10;0;1;0;0;105.0;0;20.9;1;2;4;10;2031;5594;0;0;0;0;Lacan123|Thalanthyr|real_embo
70d48597-3be6-4d91-8711-6d86f12fd151;2026-08-20T19:26:16Z;real_embo;Squad;TPP;Baltic_Main;26.3;8;26;10;3;0;2;0;232.7;13.76;20.6;0;1;2;14;2128;6532;0;0;0;0;Baerli162|Lacan123|Thalanthyr
70d48597-3be6-4d91-8711-6d86f12fd151;2026-08-20T19:26:16Z;Thalanthyr;Squad;TPP;Baltic_Main;26.3;8;26;10;0;0;0;0;0;0;20.9;1;2;4;7;1928;5882;0;0;0;0;Baerli162|Lacan123|real_embo
a41469f3-1744-41cc-8f00-8db1890ed4c6;2026-08-20T19:48:59Z;Lacan123;Squad;TPP;Baltic_Main;27.1;24;26;13;0;0;2;0;200;0;2.9;0;0;0;1;106;0;0;0;0;0;Baerli162|Thalanthyr|real_embo
a41469f3-1744-41cc-8f00-8db1890ed4c6;2026-08-20T19:48:59Z;Thalanthyr;Squad;TPP;Baltic_Main;27.1;24;26;13;0;0;0;0;0;0;2.9;0;0;0;0;124;0;0;0;0;0;Baerli162|Lacan123|real_embo
a41469f3-1744-41cc-8f00-8db1890ed4c6;2026-08-20T19:48:59Z;real_embo;Squad;TPP;Baltic_Main;27.1;24;26;13;0;0;1;0;10;0;2.5;0;0;0;2;69;0;0;0;0;0;Baerli162|Lacan123|Thalanthyr
a41469f3-1744-41cc-8f00-8db1890ed4c6;2026-08-20T19:48:59Z;Baerli162;Squad;TPP;Baltic_Main;27.1;24;26;13;0;0;0;0;18;0;2.9;2;0;0;2;269;0;0;0;0;0;Lacan123|Thalanthyr|real_embo
611a3bc4-37c7-424c-8fda-dbe15a166354;2026-08-20T19:53:47Z;Baerli162;Squad;TPP;Summerland_Main;15.1;5;16;9;0;0;0;0;0;0;9.2;0;1;1;6;1589;0;0;0;0;0;Lacan123|Thalanthyr|real_embo
611a3bc4-37c7-424c-8fda-dbe15a166354;2026-08-20T19:53:47Z;real_embo;Squad;TPP;Summerland_Main;15.1;5;16;9;3;0;3;0;407.4;29.98;9.2;1;3;2;9;1642;0;0;0;0;0;Baerli162|Lacan123|Thalanthyr
611a3bc4-37c7-424c-8fda-dbe15a166354;2026-08-20T19:53:47Z;Thalanthyr;Squad;TPP;Summerland_Main;15.1;5;16;9;0;0;0;0;0;0;2.8;0;0;0;2;288;0;0;0;0;0;Baerli162|Lacan123|real_embo
611a3bc4-37c7-424c-8fda-dbe15a166354;2026-08-20T19:53:47Z;Lacan123;Squad;TPP;Summerland_Main;15.1;5;16;9;1;2;1;0;125.9;12.4;9.3;1;0;1;6;1947;0;0;0;0;0;Baerli162|Thalanthyr|real_embo
b3e6478b-98cd-406a-90ed-07407469010a;2026-08-20T20:04:57Z;Thalanthyr;Squad;TPP;Summerland_Main;16.9;9;17;7;0;0;0;0;55.7;0;8.6;0;1;2;10;1064;0;0;0;0;0;Baerli162|Lacan123|real_embo
b3e6478b-98cd-406a-90ed-07407469010a;2026-08-20T20:04:57Z;Baerli162;Squad;TPP;Summerland_Main;16.9;9;17;7;0;0;0;0;0;0;8.5;0;0;1;8;1662;0;0;0;0;0;Lacan123|Thalanthyr|real_embo
b3e6478b-98cd-406a-90ed-07407469010a;2026-08-20T20:04:57Z;real_embo;Squad;TPP;Summerland_Main;16.9;9;17;7;0;0;1;0;42.1;0;8.7;1;1;2;10;1378;0;0;0;0;0;Baerli162|Lacan123|Thalanthyr
b3e6478b-98cd-406a-90ed-07407469010a;2026-08-20T20:04:57Z;Lacan123;Squad;TPP;Summerland_Main;16.9;9;17;7;0;0;0;0;107.7;0;8.7;0;0;1;7;1527;0;0;0;0;0;Baerli162|Thalanthyr|real_embo
7ddb1509-af1d-42d9-95bd-12565e6a13b2;2026-08-20T20:15:39Z;Thalanthyr;Squad;TPP;Baltic_Main;25.9;15;29;14;0;0;1;0;86.1;0;13.2;0;0;3;6;1283;4495;0;0;0;0;Baerli162|Lacan123|real_embo
7ddb1509-af1d-42d9-95bd-12565e6a13b2;2026-08-20T20:15:39Z;Baerli162;Squad;TPP;Baltic_Main;25.9;15;29;14;0;0;0;0;0;0;12.8;0;0;0;5;1482;4902;0;0;0;0;Lacan123|Thalanthyr|real_embo
7ddb1509-af1d-42d9-95bd-12565e6a13b2;2026-08-20T20:15:39Z;real_embo;Squad;TPP;Baltic_Main;25.9;15;29;14;0;0;0;0;51.9;0;13.2;0;0;1;8;1239;4533;0;0;0;0;Baerli162|Lacan123|Thalanthyr
7ddb1509-af1d-42d9-95bd-12565e6a13b2;2026-08-20T20:15:39Z;Lacan123;Squad;TPP;Baltic_Main;25.9;15;29;14;0;0;0;0;0;0;13.2;0;0;1;8;1532;4409;0;0;0;0;Baerli162|Thalanthyr|real_embo
febe3d8d-2c0c-40ab-9983-9eb73a97c854;2026-08-20T20:30:55Z;Thalanthyr;Squad;TPP;Baltic_Main;25.4;21;26;8;0;0;0;0;68.2;0;4.3;0;0;0;5;538;0;0;0;0;0;Baerli162|Lacan123|real_embo
febe3d8d-2c0c-40ab-9983-9eb73a97c854;2026-08-20T20:30:55Z;real_embo;Squad;TPP;Baltic_Main;25.4;21;26;8;0;0;0;0;78.1;0;4.8;0;0;0;8;655;0;0;0;0;0;Baerli162|Lacan123|Thalanthyr
febe3d8d-2c0c-40ab-9983-9eb73a97c854;2026-08-20T20:30:55Z;Lacan123;Squad;TPP;Baltic_Main;25.4;21;26;8;0;0;0;0;11.6;0;4.2;0;0;0;2;640;0;0;0;0;0;Baerli162|Thalanthyr|real_embo
febe3d8d-2c0c-40ab-9983-9eb73a97c854;2026-08-20T20:30:55Z;Baerli162;Squad;TPP;Baltic_Main;25.4;21;26;8;0;0;2;0;198.0;0;4.8;0;0;0;4;735;0;0;0;0;0;Lacan123|Thalanthyr|real_embo
a2c55a93-688a-48de-973a-db135aa05a6b;2026-08-21T18:03:24Z;real_embo;Duo;TPP;Summerland_Main;16.4;26;29;19;0;0;0;0;0;0;1.6;0;0;0;2;96;0;0;0;0;0;Lacan123
a2c55a93-688a-48de-973a-db135aa05a6b;2026-08-21T18:03:24Z;Lacan123;Duo;TPP;Summerland_Main;16.4;26;29;19;0;0;0;0;43;0;1.6;0;0;0;2;125;0;0;0;0;0;real_embo
809df193-6f63-441e-a8c2-0b995a4fd7c3;2026-08-21T18:06:24Z;Lacan123;Duo;TPP;Desert_Main;25.2;10;52;48;0;0;0;0;0;0;17.8;0;4;3;12;2730;3946;0;0;0;0;real_embo
809df193-6f63-441e-a8c2-0b995a4fd7c3;2026-08-21T18:06:24Z;real_embo;Duo;TPP;Desert_Main;25.2;10;52;48;2;0;1;0;200;27.55;17.8;0;1;5;5;2886;3291;0;0;0;1;Lacan123
8bbbbe04-e066-495b-a236-d796bf544f61;2026-08-21T18:26:08Z;real_embo;Duo;TPP;Baltic_Main;27.1;9;54;25;3;0;2;0;230.4;80.98;20.3;0;0;1;7;2594;2314;0;0;0;0;Lacan123
8bbbbe04-e066-495b-a236-d796bf544f61;2026-08-21T18:26:08Z;Lacan123;Duo;TPP;Baltic_Main;27.1;9;54;25;0;0;0;0;0;0;20.3;0;0;0;7;2537;2325;0;0;0;0;real_embo
546e1915-7d9a-4a05-a6cb-43fc066ea836;2026-08-21T19:03:49Z;Lacan123;Duo;TPP;Desert_Main;28.1;37;50;20;0;0;0;0;0;0;7.0;0;0;0;9;807;893;0;0;0;0;real_embo
546e1915-7d9a-4a05-a6cb-43fc066ea836;2026-08-21T19:03:49Z;real_embo;Duo;TPP;Desert_Main;28.1;37;50;20;0;0;0;0;0;0;7.0;0;0;0;8;888;871;0;0;0;0;Lacan123
037ff8c0-95b0-49a5-a39f-d87d7cdda8a6;2026-08-21T19:12:13Z;real_embo;Duo;TPP;Baltic_Main;28.2;6;51;51;1;0;1;0;294.0;137.87;20.9;0;0;0;14;2972;4135;0;0;0;0;Lacan123
037ff8c0-95b0-49a5-a39f-d87d7cdda8a6;2026-08-21T19:12:13Z;Lacan123;Duo;TPP;Baltic_Main;28.2;6;51;51;0;0;0;0;56.6;0;23.6;0;0;1;8;3585;6498;0;0;0;0;real_embo
62dc260f-bb0a-434b-af6e-802f5469cb26;2026-08-21T19:38:03Z;Lacan123;Duo;TPP;Baltic_Main;26.3;20;48;26;0;0;0;0;50.9;0;14.7;0;5;2;5;1303;7764;19;0;0;0;real_embo
62dc260f-bb0a-434b-af6e-802f5469cb26;2026-08-21T19:38:03Z;real_embo;Duo;TPP;Baltic_Main;26.3;20;48;26;0;1;1;0;178.6;0;14.6;0;0;2;8;1131;7757;19;0;0;0;Lacan123
1bbba7d8-97ce-4158-b06e-e6fb1a1e2e10;2026-08-21T19:54:29Z;real_embo;Duo;TPP;Baltic_Main;26.6;46;50;30;0;0;1;0;100;0;1.9;0;0;0;6;125;0;0;0;0;0;Lacan123
1bbba7d8-97ce-4158-b06e-e6fb1a1e2e10;2026-08-21T19:54:29Z;Lacan123;Duo;TPP;Baltic_Main;26.6;46;50;30;0;0;0;0;96.4;0;2.3;0;0;0;1;258;0;0;0;0;0;real_embo
0b2ab520-71c8-499e-a38e-519f9c2b3492;2026-08-22T17:26:42Z;Thalanthyr;Solo;TPP;Desert_Main;42.6;56;100;100009;0;0;0;0;0;0;16.3;0;0;3;7;1756;0;0;0;0;0;
f2ec0a89-d085-45bd-8380-942c87932ff2;2026-08-22T17:47:16Z;Lacan123;Duo;TPP;Baltic_Main;28.4;43;50;12;1;0;2;0;111.1;10.12;2.5;0;0;0;2;147;0;0;0;0;0;Thalanthyr
f2ec0a89-d085-45bd-8380-942c87932ff2;2026-08-22T17:47:16Z;Thalanthyr;Duo;TPP;Baltic_Main;28.4;43;50;12;1;1;0;0;223.8;7.62;2.5;0;0;0;3;199;0;0;0;0;0;Lacan123
5f6998cc-e9a9-445b-95b7-11ea4b635b59;2026-08-22T17:52:03Z;Thalanthyr;Duo;TPP;Baltic_Main;27.7;52;55;44;0;0;0;0;0;0;2.7;0;0;0;2;139;0;0;0;0;0;Lacan123
5f6998cc-e9a9-445b-95b7-11ea4b635b59;2026-08-22T17:52:03Z;Lacan123;Duo;TPP;Baltic_Main;27.7;52;55;44;0;0;1;0;118.4;0;2.7;0;0;1;3;359;0;0;0;0;0;Thalanthyr
42ddd758-d8c9-481c-9c47-2297a0eff34b;2026-08-22T17:56:25Z;Lacan123;Duo;TPP;Baltic_Main;27.1;8;50;42;0;0;1;0;100;0;17.1;2;6;2;8;2585;2455;0;0;0;0;Thalanthyr
42ddd758-d8c9-481c-9c47-2297a0eff34b;2026-08-22T17:56:25Z;Thalanthyr;Duo;TPP;Baltic_Main;27.1;8;50;42;1;0;0;0;120.3;4.3;17.5;0;4;6;6;1930;380;0;0;0;0;Lacan123
18f0ab6a-35a9-4560-9db1-c286e3197c66;2026-08-22T18:19:15Z;Thalanthyr;Duo;TPP;Baltic_Main;28.5;50;53;43;0;0;0;0;23.2;0;2.7;0;1;0;2;210;0;0;0;0;0;Lacan123
18f0ab6a-35a9-4560-9db1-c286e3197c66;2026-08-22T18:19:15Z;Lacan123;Duo;TPP;Baltic_Main;28.5;50;53;43;0;0;0;0;0;0;2.7;1;0;0;2;217;0;0;0;0;0;Thalanthyr
0a102ba2-197a-4a8d-8bb0-a15ffcfa0904;2026-08-22T18:23:42Z;Lacan123;Duo;TPP;Baltic_Main;26.1;31;50;36;2;0;1;0;193;11.17;9.4;0;1;2;8;1429;636;0;0;0;0;Thalanthyr
0a102ba2-197a-4a8d-8bb0-a15ffcfa0904;2026-08-22T18:23:42Z;Thalanthyr;Duo;TPP;Baltic_Main;26.1;31;50;36;0;0;1;0;100;0;8.1;0;1;2;4;749;0;0;0;0;0;Lacan123
8df68083-9cd2-4a72-a79a-b117684b7a3d;2026-08-22T18:35:39Z;Thalanthyr;Duo;TPP;Summerland_Main;17.1;4;32;19;1;0;1;1;100;128.06;16.7;3;6;6;7;3220;0;0;0;0;0;Lacan123
8df68083-9cd2-4a72-a79a-b117684b7a3d;2026-08-22T18:35:39Z;Lacan123;Duo;TPP;Summerland_Main;17.1;4;32;19;1;1;0;0;74.3;29.84;16.7;1;13;7;9;3232;0;24;0;0;0;Thalanthyr
1c5e8b8f-7495-4d64-8546-68ba8226c14c;2026-08-22T18:54:49Z;Thalanthyr;Duo;TPP;Baltic_Main;26.4;35;53;13;0;0;0;0;0;0;6.0;0;1;0;3;522;0;0;0;0;0;Lacan123
1c5e8b8f-7495-4d64-8546-68ba8226c14c;2026-08-22T18:54:49Z;Lacan123;Duo;TPP;Baltic_Main;26.4;35;53;13;0;0;1;0;100;0;9.1;0;0;0;3;656;0;0;0;0;0;Thalanthyr
82988566-c8c4-4980-89cf-0c0cea6783bc;2026-08-22T19:05:42Z;Thalanthyr;Duo;TPP;Summerland_Main;18.8;25;33;26;0;0;0;0;0;0;2.7;0;0;0;5;238;0;0;0;0;0;Lacan123
82988566-c8c4-4980-89cf-0c0cea6783bc;2026-08-22T19:05:42Z;Lacan123;Duo;TPP;Summerland_Main;18.8;25;33;26;0;0;0;0;0;0;2.1;0;0;0;3;120;0;0;0;0;0;Thalanthyr
7b10ae2d-ef49-491f-92aa-c050e5c8d3db;2026-08-23T18:32:07Z;Thalanthyr;Duo;TPP;Desert_Main;27.8;32;50;31;0;0;0;0;0;0;9.4;0;3;1;9;443;680;0;0;0;0;real_embo
7b10ae2d-ef49-491f-92aa-c050e5c8d3db;2026-08-23T18:32:07Z;real_embo;Duo;TPP;Desert_Main;27.8;32;50;31;0;0;0;0;38.7;0;8.2;1;0;1;8;556;0;0;0;0;0;Thalanthyr
2a7e857c-1811-4710-b74f-25d8c22a478d;2026-08-23T18:44:19Z;Thalanthyr;Duo;TPP;Baltic_Main;26.2;27;53;25;0;1;0;0;169.7;0;11.5;0;0;3;10;1167;2352;0;0;0;1;real_embo
2a7e857c-1811-4710-b74f-25d8c22a478d;2026-08-23T18:44:19Z;real_embo;Duo;TPP;Baltic_Main;26.2;27;53;25;1;0;1;0;18.5;29.68;11.5;0;0;2;11;1395;2383;0;0;0;0;Thalanthyr
efe68317-58dd-4e3d-ba45-943cbd6a3ddc;2026-08-23T18:58:20Z;Thalanthyr;Duo;TPP;Baltic_Main;25.8;19;53;46;0;0;0;0;68.0;0;10.7;0;6;3;9;1560;3729;0;0;0;0;real_embo
efe68317-58dd-4e3d-ba45-943cbd6a3ddc;2026-08-23T18:58:20Z;real_embo;Duo;TPP;Baltic_Main;25.8;19;53;46;0;0;0;0;19.4;0;6.6;0;0;1;7;908;271;11;0;0;0;Thalanthyr
5974f6ca-a8be-4378-9bbe-54890ef3e788;2026-08-23T19:15:35Z;real_embo;Squad;TPP;Summerland_Main;19.8;7;17;13;0;0;1;0;122.1;0;9.8;0;0;1;6;1949;0;0;0;0;0;Lacan123|Thalanthyr
5974f6ca-a8be-4378-9bbe-54890ef3e788;2026-08-23T19:15:35Z;Thalanthyr;Squad;TPP;Summerland_Main;19.8;7;17;13;2;1;2;1;311.9;170.05;9.2;0;1;1;3;1570;0;0;0;0;0;Lacan123|real_embo
5974f6ca-a8be-4378-9bbe-54890ef3e788;2026-08-23T19:15:35Z;Lacan123;Squad;TPP;Summerland_Main;19.8;7;17;13;1;0;0;0;84.5;99.69;9.9;0;4;2;8;1897;0;0;0;0;0;Thalanthyr|real_embo
00452833-0912-45f9-b411-635d5fb51d94;2026-08-23T19:27:14Z;real_embo;Squad;TPP;Summerland_Main;15.8;7;16;16;2;0;2;0;316.7;3.34;9.8;0;3;3;10;1757;0;0;0;0;0;Lacan123|Thalanthyr
00452833-0912-45f9-b411-635d5fb51d94;2026-08-23T19:27:14Z;Lacan123;Squad;TPP;Summerland_Main;15.8;7;16;16;0;0;1;0;100;0;9.8;0;1;3;8;2045;0;0;0;0;0;Thalanthyr|real_embo
00452833-0912-45f9-b411-635d5fb51d94;2026-08-23T19:27:14Z;Thalanthyr;Squad;TPP;Summerland_Main;15.8;7;16;16;0;0;2;0;151.1;0;9.8;0;2;2;9;1709;0;0;0;0;0;Lacan123|real_embo
49bed69f-e576-4c59-bf17-0cc350252957;2026-08-23T19:38:46Z;Lacan123;Squad;TPP;Summerland_Main;16.8;12;18;17;1;0;1;0;100;3.4;5.0;0;1;1;5;801;0;0;0;0;0;Thalanthyr|real_embo
49bed69f-e576-4c59-bf17-0cc350252957;2026-08-23T19:38:46Z;Thalanthyr;Squad;TPP;Summerland_Main;16.8;12;18;17;0;1;0;0;0;0;2.0;0;0;0;1;274;0;0;0;0;0;Lacan123|real_embo
49bed69f-e576-4c59-bf17-0cc350252957;2026-08-23T19:38:46Z;real_embo;Squad;TPP;Summerland_Main;16.8;12;18;17;0;0;0;0;0;0;1.0;0;0;0;2;89;0;0;0;0;0;Lacan123|Thalanthyr
8f5a377b-8a6a-4b08-8be1-aa8142247353;2026-08-23T19:45:22Z;Lacan123;Squad;TPP;Baltic_Main;26.4;5;25;16;1;2;0;1;29.6;10.23;24.4;1;2;5;8;2983;5574;0;0;0;0;Thalanthyr|real_embo
8f5a377b-8a6a-4b08-8be1-aa8142247353;2026-08-23T19:45:22Z;real_embo;Squad;TPP;Baltic_Main;26.4;5;25;16;2;2;2;0;319.0;34.29;24.7;0;1;9;10;3010;6076;0;0;0;0;Lacan123|Thalanthyr
8f5a377b-8a6a-4b08-8be1-aa8142247353;2026-08-23T19:45:22Z;Thalanthyr;Squad;TPP;Baltic_Main;26.4;5;25;16;2;1;2;1;196.0;186.84;24.1;0;5;5;11;2568;5629;0;0;0;0;Lacan123|real_embo
57e5fbf6-3b8a-4cca-b09a-ac11d9c6c974;2026-08-23T20:20:58Z;Thalanthyr;Solo;TPP;Baltic_Main;30.4;38;99;100004;1;0;0;1;134.9;218.54;11.8;0;0;1;5;859;0;0;0;0;0;
93a17dee-c8c9-4ced-b32e-dfbbe4e5e249;2026-08-24T19:03:44Z;Thalanthyr;Solo;TPP;Baltic_Main;33.3;25;99;100006;4;0;0;0;484.7;61.44;19.3;0;1;1;5;2265;2506;182;0;0;0;
f5f4f447-20e0-42b4-b504-c42c822c820a;2026-08-25T17:52:24Z;Thalanthyr;Solo;TPP;Baltic_Main;27.4;91;100;100008;1;0;0;1;170.5;12.5;3.0;0;0;0;1;211;0;0;0;0;0;
115378ab-0516-4b00-8fd3-903a136d8781;2026-08-25T17:58:28Z;Lacan123;Squad;TPP;Baltic_Main;27.3;27;27;25;0;0;0;0;0;0;2.4;0;0;0;2;231;0;0;0;0;0;Baerli162|Thalanthyr
115378ab-0516-4b00-8fd3-903a136d8781;2026-08-25T17:58:28Z;Baerli162;Squad;TPP;Baltic_Main;27.3;27;27;25;0;0;1;0;129.1;0;3.0;0;0;0;3;285;0;0;0;0;0;Lacan123|Thalanthyr
115378ab-0516-4b00-8fd3-903a136d8781;2026-08-25T17:58:28Z;Thalanthyr;Squad;TPP;Baltic_Main;27.3;27;27;25;0;0;0;0;0;0;3.0;0;0;0;3;256;0;0;0;0;0;Baerli162|Lacan123
7908d665-ac84-46e4-9d3c-c4c95cf9ec9a;2026-08-25T18:03:10Z;Baerli162;Squad;TPP;Desert_Main;26.9;2;26;12;2;1;2;1;181.8;34.44;16.1;0;5;5;6;2727;4173;0;0;0;0;Lacan123|Thalanthyr
7908d665-ac84-46e4-9d3c-c4c95cf9ec9a;2026-08-25T18:03:10Z;Thalanthyr;Squad;TPP;Desert_Main;26.9;2;26;12;2;1;1;0;246.8;59.4;26.8;0;12;9;8;2665;5117;0;0;0;0;Baerli162|Lacan123
7908d665-ac84-46e4-9d3c-c4c95cf9ec9a;2026-08-25T18:03:10Z;Lacan123;Squad;TPP;Desert_Main;26.9;2;26;12;3;3;2;0;505.4;161.25;26.8;3;6;6;7;3318;5586;0;1;0;0;Baerli162|Thalanthyr
3dbb8fc1-4291-46cc-a352-fabe25efc2e8;2026-08-25T18:32:31Z;real_embo;Squad;TPP;Baltic_Main;25.9;7;28;17;3;1;2;1;319.8;218.63;22.5;1;5;5;8;2900;3722;0;0;0;0;Baerli162|Lacan123|Thalanthyr
3dbb8fc1-4291-46cc-a352-fabe25efc2e8;2026-08-25T18:32:31Z;Baerli162;Squad;TPP;Baltic_Main;25.9;7;28;17;1;0;1;0;319.9;52.69;22.1;0;12;3;4;2889;4486;0;0;0;0;Lacan123|Thalanthyr|real_embo
3dbb8fc1-4291-46cc-a352-fabe25efc2e8;2026-08-25T18:32:31Z;Lacan123;Squad;TPP;Baltic_Main;25.9;7;28;17;1;0;0;1;99.8;41.29;22.5;1;7;3;8;3063;4640;0;0;0;0;Baerli162|Thalanthyr|real_embo
3dbb8fc1-4291-46cc-a352-fabe25efc2e8;2026-08-25T18:32:31Z;Thalanthyr;Squad;TPP;Baltic_Main;25.9;7;28;17;1;0;1;0;181.3;53.21;22.1;3;14;7;7;2068;3674;0;0;0;0;Baerli162|Lacan123|real_embo
59882ec1-ade6-4b46-a2c3-96a029abeab9;2026-08-25T19:00:21Z;Lacan123;Squad;TPP;Summerland_Main;15.7;7;16;15;2;0;2;0;179.0;111.47;10.2;1;0;2;7;2077;0;0;0;0;0;Thalanthyr|real_embo
59882ec1-ade6-4b46-a2c3-96a029abeab9;2026-08-25T19:00:21Z;real_embo;Squad;TPP;Summerland_Main;15.7;7;16;15;0;2;1;0;175.6;0;11.1;1;3;0;9;1975;0;0;0;0;0;Lacan123|Thalanthyr
59882ec1-ade6-4b46-a2c3-96a029abeab9;2026-08-25T19:00:21Z;Thalanthyr;Squad;TPP;Summerland_Main;15.7;7;16;15;0;1;0;0;82.1;0;11.1;0;12;3;7;1554;2;0;0;0;0;Lacan123|real_embo
1a22bee6-2722-4f96-95df-c11cd1e05af7;2026-08-25T19:13:33Z;Thalanthyr;Squad;TPP;Desert_Main;25.4;26;29;20;0;0;0;0;0;0;5.2;1;1;1;2;374;0;0;0;0;0;Lacan123|real_embo
1a22bee6-2722-4f96-95df-c11cd1e05af7;2026-08-25T19:13:33Z;real_embo;Squad;TPP;Desert_Main;25.4;26;29;20;1;0;2;0;242.6;101.48;4.8;2;0;0;7;378;0;0;0;0;0;Lacan123|Thalanthyr
1a22bee6-2722-4f96-95df-c11cd1e05af7;2026-08-25T19:13:33Z;Lacan123;Squad;TPP;Desert_Main;25.4;26;29;20;1;0;1;1;154.7;6.55;5.2;0;2;1;5;416;0;0;0;0;0;Thalanthyr|real_embo
ef3a3381-66a6-4901-a583-b51120fedfb4;2026-08-25T19:21:52Z;Thalanthyr;Squad;TPP;Desert_Main;28.8;19;27;18;0;0;0;0;89.3;0;8.7;0;0;0;4;1017;145;0;0;0;0;Lacan123|real_embo
ef3a3381-66a6-4901-a583-b51120fedfb4;2026-08-25T19:21:52Z;Lacan123;Squad;TPP;Desert_Main;28.8;19;27;18;0;0;0;0;0;0;7.9;0;0;0;10;883;531;0;0;0;0;Thalanthyr|real_embo
ef3a3381-66a6-4901-a583-b51120fedfb4;2026-08-25T19:21:52Z;real_embo;Squad;TPP;Desert_Main;28.8;19;27;18;0;0;0;0;0;0;8.7;0;0;0;9;1155;11;0;0;0;0;Lacan123|Thalanthyr
511bc828-3bab-4760-9c2d-2d1df378cf80;2026-08-26T19:00:38Z;Lacan123;Squad;TPP;Baltic_Main;27.8;8;26;13;0;1;1;0;73.4;0;7.2;0;0;1;6;861;1131;0;0;0;0;Baerli162|Milicacarica|real_embo
511bc828-3bab-4760-9c2d-2d1df378cf80;2026-08-26T19:00:38Z;real_embo;Squad;TPP;Baltic_Main;27.8;8;26;13;0;0;0;0;0;0;7.8;0;0;0;8;1040;0;0;0;0;0;Baerli162|Lacan123|Milicacarica
511bc828-3bab-4760-9c2d-2d1df378cf80;2026-08-26T19:00:38Z;Baerli162;Squad;TPP;Baltic_Main;27.8;8;26;13;1;0;1;0;193.8;86.22;7.9;0;1;0;4;966;1169;0;0;0;0;Lacan123|Milicacarica|real_embo
4598b763-e99e-4e25-907f-3f16a9f5f870;2026-08-26T19:10:24Z;real_embo;Squad;TPP;DihorOtok_Main;25.2;4;28;10;2;1;0;0;181.1;51.06;20.7;0;1;3;16;3160;4680;0;0;0;0;Baerli162|Lacan123|Thalanthyr
4598b763-e99e-4e25-907f-3f16a9f5f870;2026-08-26T19:10:24Z;Baerli162;Squad;TPP;DihorOtok_Main;25.2;4;28;10;4;2;3;2;360.2;120.53;20.7;0;1;2;8;3052;4513;0;0;0;0;Lacan123|Thalanthyr|real_embo
4598b763-e99e-4e25-907f-3f16a9f5f870;2026-08-26T19:10:24Z;Thalanthyr;Squad;TPP;DihorOtok_Main;25.2;4;28;10;0;0;0;0;0;0;20.7;0;5;4;5;2856;4352;0;0;0;0;Baerli162|Lacan123|real_embo
4598b763-e99e-4e25-907f-3f16a9f5f870;2026-08-26T19:10:24Z;Lacan123;Squad;TPP;DihorOtok_Main;25.2;4;28;10;2;1;2;0;136.9;47.54;20.7;0;0;1;7;3181;4338;0;0;0;1;Baerli162|Thalanthyr|real_embo
2fdf60ab-f67f-44be-9b38-ee75c9f70885;2026-08-26T19:32:59Z;Baerli162;Squad;TPP;Baltic_Main;26.2;6;26;15;0;3;1;0;406.3;0;19.1;0;1;4;16;2466;4289;0;0;0;0;Lacan123|Thalanthyr|real_embo
2fdf60ab-f67f-44be-9b38-ee75c9f70885;2026-08-26T19:32:59Z;real_embo;Squad;TPP;Baltic_Main;26.2;6;26;15;3;3;4;0;576.3;193.18;19.1;1;2;3;11;2050;4582;0;0;0;0;Baerli162|Lacan123|Thalanthyr
2fdf60ab-f67f-44be-9b38-ee75c9f70885;2026-08-26T19:32:59Z;Thalanthyr;Squad;TPP;Baltic_Main;26.2;6;26;15;1;2;1;0;78.2;218.86;17.8;0;2;2;8;1940;4652;0;0;0;0;Baerli162|Lacan123|real_embo
2fdf60ab-f67f-44be-9b38-ee75c9f70885;2026-08-26T19:32:59Z;Lacan123;Squad;TPP;Baltic_Main;26.2;6;26;15;3;0;2;1;284.3;9.24;19.1;0;2;2;6;1546;6803;0;2;0;0;Baerli162|Thalanthyr|real_embo
a9e6feef-18aa-40e1-bcea-a24c8c028c37;2026-08-26T19:57:43Z;Baerli162;Squad;TPP;Chimera_Main;20.8;7;15;12;0;1;1;0;173.5;0;8.5;2;1;1;6;1322;0;0;0;0;0;Lacan123|Thalanthyr|real_embo
a9e6feef-18aa-40e1-bcea-a24c8c028c37;2026-08-26T19:57:43Z;real_embo;Squad;TPP;Chimera_Main;20.8;7;15;12;1;0;1;1;93.3;18.37;9.5;0;5;1;9;1432;0;0;0;0;0;Baerli162|Lacan123|Thalanthyr
a9e6feef-18aa-40e1-bcea-a24c8c028c37;2026-08-26T19:57:43Z;Thalanthyr;Squad;TPP;Chimera_Main;20.8;7;15;12;0;1;1;0;24.4;0;13.3;0;12;5;2;2226;0;0;0;0;0;Baerli162|Lacan123|real_embo
a9e6feef-18aa-40e1-bcea-a24c8c028c37;2026-08-26T19:57:43Z;Lacan123;Squad;TPP;Chimera_Main;20.8;7;15;12;2;0;2;1;150;30.77;13.3;2;3;3;6;2654;0;0;0;0;0;Baerli162|Thalanthyr|real_embo
1be74661-c63e-41e1-acd7-a2fc94e1fcd6;2026-08-26T20:13:20Z;Baerli162;Squad;TPP;Baltic_Main;25.2;13;28;12;1;2;2;0;281.8;7.6;17.4;1;3;3;9;2205;5193;0;0;0;0;Lacan123|Thalanthyr|real_embo
1be74661-c63e-41e1-acd7-a2fc94e1fcd6;2026-08-26T20:13:20Z;Lacan123;Squad;TPP;Baltic_Main;25.2;13;28;12;0;0;1;0;70.3;0;17.3;0;7;7;5;2671;2328;0;0;0;0;Baerli162|Thalanthyr|real_embo
1be74661-c63e-41e1-acd7-a2fc94e1fcd6;2026-08-26T20:13:20Z;Thalanthyr;Squad;TPP;Baltic_Main;25.2;13;28;12;4;1;4;1;442.5;187.54;18.1;2;16;2;8;2628;2377;0;0;0;0;Baerli162|Lacan123|real_embo
1be74661-c63e-41e1-acd7-a2fc94e1fcd6;2026-08-26T20:13:20Z;real_embo;Squad;TPP;Baltic_Main;25.2;13;28;12;3;1;3;1;374.0;149.24;18.1;1;7;5;13;2234;3910;0;0;0;0;Baerli162|Lacan123|Thalanthyr
83d0eec3-4c2f-4d05-a468-da152ca2fb31;2026-08-26T20:34:18Z;Baerli162;Squad;TPP;DihorOtok_Main;26.8;25;28;10;0;0;0;0;0;0;2.5;0;0;0;1;105;0;0;0;0;0;Lacan123|Thalanthyr|real_embo
83d0eec3-4c2f-4d05-a468-da152ca2fb31;2026-08-26T20:34:18Z;Thalanthyr;Squad;TPP;DihorOtok_Main;26.8;25;28;10;0;0;0;0;0;0;2.9;0;0;0;1;182;0;0;0;0;0;Baerli162|Lacan123|real_embo
83d0eec3-4c2f-4d05-a468-da152ca2fb31;2026-08-26T20:34:18Z;real_embo;Squad;TPP;DihorOtok_Main;26.8;25;28;10;0;0;0;0;105.8;0;3.2;0;0;0;5;171;0;0;0;0;0;Baerli162|Lacan123|Thalanthyr
83d0eec3-4c2f-4d05-a468-da152ca2fb31;2026-08-26T20:34:18Z;Lacan123;Squad;TPP;DihorOtok_Main;26.8;25;28;10;0;0;0;0;0;0;2.8;0;0;0;4;248;0;0;0;0;0;Baerli162|Thalanthyr|real_embo
0c438319-4574-4f49-86d4-286cc22ca291;2026-08-26T20:39:17Z;Thalanthyr;Squad;TPP;Chimera_Main;21.1;1;20;18;0;0;0;0;25.1;0;15.5;0;0;1;5;2238;0;0;0;0;0;Baerli162|Lacan123|real_embo
0c438319-4574-4f49-86d4-286cc22ca291;2026-08-26T20:39:17Z;Lacan123;Squad;TPP;Chimera_Main;21.1;1;20;18;3;1;2;0;366.6;208.82;21.1;0;2;2;8;3561;0;0;0;0;0;Baerli162|Thalanthyr|real_embo
0c438319-4574-4f49-86d4-286cc22ca291;2026-08-26T20:39:17Z;Baerli162;Squad;TPP;Chimera_Main;21.1;1;20;18;2;0;0;0;335.2;189.01;21.1;0;3;3;7;3542;0;0;0;0;0;Lacan123|Thalanthyr|real_embo
0c438319-4574-4f49-86d4-286cc22ca291;2026-08-26T20:39:17Z;real_embo;Squad;TPP;Chimera_Main;21.1;1;20;18;4;1;3;0;371.8;204.91;21.1;0;0;4;9;3249;0;0;0;0;0;Baerli162|Lacan123|Thalanthyr
a263ae1e-020a-4688-b670-a29553898dce;2026-08-27T11:06:46Z;real_embo;Solo;TPP;Baltic_Main;28.6;97;97;100031;0;0;0;0;33.6;0;1.2;0;0;0;2;66;0;0;0;0;0;
88b6e1b8-fc70-4336-9004-37bbdd6db6ad;2026-08-27T11:10:15Z;real_embo;Solo;TPP;Baltic_Main;27.4;8;99;100062;3;0;0;0;551.6;47.48;22.7;0;0;3;12;2488;4893;0;0;0;1;
4563a8f2-f9d2-44f9-baf5-90101833f29f;2026-08-28T18:29:29Z;Thalanthyr;Squad;TPP;Chimera_Main;20.5;2;19;11;0;0;0;0;0;0;8.4;0;0;1;5;1657;0;0;0;0;0;Lacan123|real_embo
4563a8f2-f9d2-44f9-baf5-90101833f29f;2026-08-28T18:29:29Z;Lacan123;Squad;TPP;Chimera_Main;20.5;2;19;11;2;0;1;0;87.0;34.42;18.4;0;10;5;5;3762;0;0;0;0;0;Thalanthyr|real_embo
4563a8f2-f9d2-44f9-baf5-90101833f29f;2026-08-28T18:29:29Z;real_embo;Squad;TPP;Chimera_Main;20.5;2;19;11;5;0;4;0;541.0;205.86;20.4;0;16;2;12;4016;2;0;0;0;0;Lacan123|Thalanthyr
c832c843-f999-43c7-a76f-b1bf10e41962;2026-08-28T18:51:47Z;Thalanthyr;Squad;TPP;Baltic_Main;28.2;15;30;29;0;0;0;0;53.0;0;8.2;0;0;0;7;862;1421;0;0;0;0;Lacan123|real_embo
c832c843-f999-43c7-a76f-b1bf10e41962;2026-08-28T18:51:47Z;real_embo;Squad;TPP;Baltic_Main;28.2;15;30;29;1;0;3;0;289.1;5.38;13.3;1;2;1;13;1700;3970;9;0;0;0;Lacan123|Thalanthyr
c832c843-f999-43c7-a76f-b1bf10e41962;2026-08-28T18:51:47Z;Lacan123;Squad;TPP;Baltic_Main;28.2;15;30;29;0;0;0;0;64.1;0;13.8;0;1;1;9;2393;1662;4;0;0;0;Thalanthyr|real_embo
1655f4c3-4245-433d-9c76-50a345459af1;2026-08-28T19:07:28Z;real_embo;Squad;TPP;Baltic_Main;25.3;26;28;22;0;0;1;0;212.5;0;2.6;0;0;0;5;122;0;0;0;0;0;Lacan123|Thalanthyr
1655f4c3-4245-433d-9c76-50a345459af1;2026-08-28T19:07:28Z;Lacan123;Squad;TPP;Baltic_Main;25.3;26;28;22;0;1;0;0;46.9;0;3.0;0;0;0;2;179;0;0;0;0;0;Thalanthyr|real_embo
1655f4c3-4245-433d-9c76-50a345459af1;2026-08-28T19:07:28Z;Thalanthyr;Squad;TPP;Baltic_Main;25.3;26;28;22;0;1;1;0;10.4;0;2.8;1;0;0;4;162;0;0;0;0;0;Lacan123|real_embo
d8147c98-db42-42d3-ad4c-73157f4e89e8;2026-08-28T19:12:15Z;Lacan123;Squad;TPP;Baltic_Main;27.9;4;34;14;4;2;2;1;441.5;72.67;27.6;0;3;4;6;3716;5578;0;0;0;0;Thalanthyr|real_embo
d8147c98-db42-42d3-ad4c-73157f4e89e8;2026-08-28T19:12:15Z;real_embo;Squad;TPP;Baltic_Main;27.9;4;34;14;2;1;3;1;317.0;25.56;22.9;0;11;5;11;3293;5141;0;0;0;0;Lacan123|Thalanthyr
d8147c98-db42-42d3-ad4c-73157f4e89e8;2026-08-28T19:12:15Z;Thalanthyr;Squad;TPP;Baltic_Main;27.9;4;34;14;1;0;0;0;73.9;34.16;21.4;1;5;2;7;2762;5189;0;0;0;0;Lacan123|real_embo
8cdde02c-aaeb-414d-931e-086bbca3fd97;2026-08-28T19:41:47Z;real_embo;Squad;TPP;Chimera_Main;20.2;2;19;11;0;0;0;0;81.6;0;20.1;0;1;3;6;3111;0;0;0;0;0;Lacan123|Thalanthyr
8cdde02c-aaeb-414d-931e-086bbca3fd97;2026-08-28T19:41:47Z;Thalanthyr;Squad;TPP;Chimera_Main;20.2;2;19;11;0;0;0;0;0;0;19.9;0;0;3;7;3244;0;0;0;0;0;Lacan123|real_embo
8cdde02c-aaeb-414d-931e-086bbca3fd97;2026-08-28T19:41:47Z;Lacan123;Squad;TPP;Chimera_Main;20.2;2;19;11;0;0;0;0;0;0;19.8;0;1;3;10;3829;0;0;0;0;0;Thalanthyr|real_embo
d8f244fc-1b8a-4aa1-9492-3820b2810c41;2026-08-28T20:03:54Z;Baerli162;Squad;TPP;DihorOtok_Main;24.7;24;24;9;0;0;0;0;0;0;14.7;0;0;0;0;0;0;0;0;0;0;
df58f358-209e-4cb2-b25d-47e1135c1e1a;2026-08-28T20:11:20Z;Baerli162;Squad;TPP;DihorOtok_Main;26.5;14;26;14;0;0;1;0;101;0;9.4;0;0;0;7;957;3884;0;0;1;0;Lacan123|Thalanthyr|real_embo
df58f358-209e-4cb2-b25d-47e1135c1e1a;2026-08-28T20:11:20Z;Thalanthyr;Squad;TPP;DihorOtok_Main;26.5;14;26;14;0;0;0;0;0;0;9.4;0;1;0;7;793;3930;0;0;0;0;Baerli162|Lacan123|real_embo
df58f358-209e-4cb2-b25d-47e1135c1e1a;2026-08-28T20:11:20Z;real_embo;Squad;TPP;DihorOtok_Main;26.5;14;26;14;0;0;0;0;25.3;0;9.1;0;0;0;9;698;4087;0;0;0;0;Baerli162|Lacan123|Thalanthyr
df58f358-209e-4cb2-b25d-47e1135c1e1a;2026-08-28T20:11:20Z;Lacan123;Squad;TPP;DihorOtok_Main;26.5;14;26;14;0;0;0;0;0;0;9.3;0;1;1;6;927;3970;0;0;0;0;Baerli162|Thalanthyr|real_embo
2d11ad0d-d155-4c45-9586-0730a45bcbdc;2026-08-28T20:23:09Z;Lacan123;Squad;TPP;Baltic_Main;28.3;19;26;11;0;0;0;0;147.7;0;7.2;0;0;0;4;639;0;0;0;0;0;Baerli162|Thalanthyr
2d11ad0d-d155-4c45-9586-0730a45bcbdc;2026-08-28T20:23:09Z;Thalanthyr;Squad;TPP;Baltic_Main;28.3;19;26;11;0;0;1;0;153.5;0;7.2;0;1;1;5;546;0;0;0;0;0;Baerli162|Lacan123
2d11ad0d-d155-4c45-9586-0730a45bcbdc;2026-08-28T20:23:09Z;Baerli162;Squad;TPP;Baltic_Main;28.3;19;26;11;0;0;0;0;97.7;0;7.2;0;1;0;2;693;0;0;0;0;0;Lacan123|Thalanthyr
545cd4da-f52f-4ca6-bcba-f094874efb5e;2026-08-28T20:32:27Z;Baerli162;Squad;TPP;DihorOtok_Main;26.7;3;27;12;1;0;3;0;514.2;133.36;23.9;0;7;7;10;2364;9395;0;0;0;0;Lacan123|Thalanthyr
545cd4da-f52f-4ca6-bcba-f094874efb5e;2026-08-28T20:32:27Z;Thalanthyr;Squad;TPP;DihorOtok_Main;26.7;3;27;12;6;0;6;1;593.1;198.15;24.8;1;3;5;6;1653;10255;0;0;0;1;Baerli162|Lacan123
545cd4da-f52f-4ca6-bcba-f094874efb5e;2026-08-28T20:32:27Z;Lacan123;Squad;TPP;DihorOtok_Main;26.7;3;27;12;1;2;1;0;363.1;21.94;25.3;2;13;4;12;1789;11300;0;0;1;0;Baerli162|Thalanthyr
60fc0ad7-ecad-47c7-b24c-24eedbc37afc;2026-08-28T20:59:52Z;Thalanthyr;Squad;TPP;DihorOtok_Main;27.5;1;27;26;1;0;1;1;42.9;54.24;19.8;0;6;3;6;1234;5965;0;0;0;0;Baerli162|Lacan123
60fc0ad7-ecad-47c7-b24c-24eedbc37afc;2026-08-28T20:59:52Z;Baerli162;Squad;TPP;DihorOtok_Main;27.5;1;27;26;1;3;2;1;519.2;6.91;27.5;1;7;7;12;2297;7282;0;0;0;0;Lacan123|Thalanthyr
60fc0ad7-ecad-47c7-b24c-24eedbc37afc;2026-08-28T20:59:52Z;Lacan123;Squad;TPP;DihorOtok_Main;27.5;1;27;26;4;0;1;0;301.1;208.37;27.5;4;1;4;8;2305;6133;0;0;0;0;Baerli162|Thalanthyr
db063edc-6337-4240-95ce-7200a9afcb16;2026-08-28T21:29:50Z;Baerli162;Squad;TPP;DihorOtok_Main;27.7;15;27;23;0;0;0;0;20.2;0;15.2;0;0;2;13;1401;9572;0;0;0;0;Lacan123|Thalanthyr
db063edc-6337-4240-95ce-7200a9afcb16;2026-08-28T21:29:50Z;Thalanthyr;Squad;TPP;DihorOtok_Main;27.7;15;27;23;0;0;0;0;23.2;0;15.4;0;0;3;12;1400;9576;0;0;0;0;Baerli162|Lacan123
db063edc-6337-4240-95ce-7200a9afcb16;2026-08-28T21:29:50Z;Lacan123;Squad;TPP;DihorOtok_Main;27.7;15;27;23;0;0;2;0;143.8;0;15.5;0;1;1;6;1549;9571;0;0;0;0;Baerli162|Thalanthyr
20779b5a-7405-482c-93ed-2bbc54204d6c;2026-08-29T18:10:03Z;real_embo;Solo;TPP;DihorOtok_Main;27.4;58;98;100031;0;0;0;0;68.4;0;6.5;0;0;1;8;630;0;0;0;0;0;
c360e8e6-bddb-45bb-b831-b9dad27ea5a1;2026-08-29T18:18:39Z;real_embo;Duo;TPP;DihorOtok_Main;25.8;17;51;24;3;0;2;0;383.0;27.22;12.9;0;2;1;12;1761;511;0;0;0;0;
7b09358d-946b-4c3a-8664-1978b004d610;2026-08-29T18:35:05Z;Lacan123;Duo;TPP;Chimera_Main;21.5;5;33;22;0;0;1;0;75.1;0;18.1;0;6;5;6;3378;915;0;0;0;0;real_embo
7b09358d-946b-4c3a-8664-1978b004d610;2026-08-29T18:35:05Z;real_embo;Duo;TPP;Chimera_Main;21.5;5;33;22;0;0;0;0;44.4;0;17.1;0;0;3;9;2931;910;0;0;0;0;Lacan123
4f025abf-2223-4676-9db6-9560d6fc0809;2026-08-29T18:54:50Z;Lacan123;Duo;TPP;DihorOtok_Main;28.4;35;49;40;1;0;1;1;100;5.95;5.0;1;5;0;1;569;0;0;0;0;0;real_embo
4f025abf-2223-4676-9db6-9560d6fc0809;2026-08-29T18:54:50Z;real_embo;Duo;TPP;DihorOtok_Main;28.4;35;49;40;0;0;1;0;136.5;0;5.0;0;0;1;3;500;0;0;0;0;0;Lacan123
09643572-7554-4ac7-ac38-9fec938bca9c;2026-08-29T19:01:35Z;Lacan123;Duo;TPP;Chimera_Main;21.9;29;33;27;0;0;0;0;0;0;2.4;0;0;0;3;172;0;0;0;0;0;real_embo
09643572-7554-4ac7-ac38-9fec938bca9c;2026-08-29T19:01:35Z;real_embo;Duo;TPP;Chimera_Main;21.9;29;33;27;0;0;0;0;23.9;0;2.1;0;0;0;2;100;0;0;0;0;0;Lacan123
f033895f-8eed-41d4-901d-029644cea622;2026-08-29T19:05:39Z;Lacan123;Duo;TPP;DihorOtok_Main;25.8;6;49;33;3;1;1;0;242.2;10.13;21.6;0;10;4;10;1957;9010;0;0;0;0;real_embo
f033895f-8eed-41d4-901d-029644cea622;2026-08-29T19:05:39Z;real_embo;Duo;TPP;DihorOtok_Main;25.8;6;49;33;1;2;1;0;305.6;20.0;15.5;0;7;1;21;1853;2474;0;0;0;0;Lacan123
e2eb1c89-7a55-4ecd-9fbb-b37edb2723f6;2026-08-29T19:33:02Z;real_embo;Squad;TPP;DihorOtok_Main;26.1;11;28;16;3;0;3;0;294.2;26.23;16.0;0;2;2;8;1795;2172;0;0;0;0;Lacan123|Thalanthyr
e2eb1c89-7a55-4ecd-9fbb-b37edb2723f6;2026-08-29T19:33:02Z;Thalanthyr;Squad;TPP;DihorOtok_Main;26.1;11;28;16;0;1;0;0;73.8;0;15.9;1;2;3;8;1557;3041;0;0;0;0;Lacan123|real_embo
e2eb1c89-7a55-4ecd-9fbb-b37edb2723f6;2026-08-29T19:33:02Z;Lacan123;Squad;TPP;DihorOtok_Main;26.1;11;28;16;1;0;1;0;154.6;18.04;16.0;2;1;1;7;1651;3284;0;0;0;0;Thalanthyr|real_embo
6114bc0d-6d85-4a45-a478-16e4545faf8a;2026-08-29T19:51:40Z;real_embo;Squad;TPP;Baltic_Main;26.9;13;28;23;0;0;0;0;136.5;0;12.2;0;0;2;7;1187;1086;0;0;0;0;Baerli162|Lacan123|Thalanthyr
6114bc0d-6d85-4a45-a478-16e4545faf8a;2026-08-29T19:51:40Z;Lacan123;Squad;TPP;Baltic_Main;26.9;13;28;23;0;0;0;0;0;0;11.8;0;2;2;5;1827;1006;0;0;0;0;Baerli162|Thalanthyr|real_embo
6114bc0d-6d85-4a45-a478-16e4545faf8a;2026-08-29T19:51:40Z;Baerli162;Squad;TPP;Baltic_Main;26.9;13;28;23;1;0;1;1;95.2;24.48;12.2;0;0;1;9;1361;1472;0;0;0;0;Lacan123|Thalanthyr|real_embo
6114bc0d-6d85-4a45-a478-16e4545faf8a;2026-08-29T19:51:40Z;Thalanthyr;Squad;TPP;Baltic_Main;26.9;13;28;23;0;0;0;0;24.3;0;11.7;0;0;2;6;1281;1022;0;0;0;0;Baerli162|Lacan123|real_embo
c4374fb3-279e-4cef-b600-66b528c2e971;2026-08-29T20:05:41Z;Baerli162;Squad;TPP;DihorOtok_Main;27.4;3;26;14;0;0;1;0;160.9;0;23.2;0;0;4;13;2918;7265;0;0;0;0;Lacan123|Thalanthyr|real_embo
c4374fb3-279e-4cef-b600-66b528c2e971;2026-08-29T20:05:41Z;Lacan123;Squad;TPP;DihorOtok_Main;27.4;3;26;14;0;0;0;0;90.8;0;23.2;0;4;3;8;2096;6911;0;0;0;0;Baerli162|Thalanthyr|real_embo
c4374fb3-279e-4cef-b600-66b528c2e971;2026-08-29T20:05:41Z;Thalanthyr;Squad;TPP;DihorOtok_Main;27.4;3;26;14;0;0;0;0;0;0;23.2;0;1;2;6;1477;7416;0;0;0;0;Baerli162|Lacan123|real_embo
c4374fb3-279e-4cef-b600-66b528c2e971;2026-08-29T20:05:41Z;real_embo;Squad;TPP;DihorOtok_Main;27.4;3;26;14;2;0;2;0;202.8;211.62;23.2;0;1;4;10;2301;6766;0;0;0;0;Baerli162|Lacan123|Thalanthyr
5ef32ef6-a3a2-46a1-85ea-d5cc548be5e2;2026-08-29T20:30:54Z;real_embo;Squad;TPP;Baltic_Main;24.3;17;29;16;1;2;0;0;287.0;31.24;8.7;0;5;1;8;1133;0;0;0;0;0;Baerli162|Lacan123|Thalanthyr
5ef32ef6-a3a2-46a1-85ea-d5cc548be5e2;2026-08-29T20:30:54Z;Lacan123;Squad;TPP;Baltic_Main;24.3;17;29;16;0;0;1;0;172.5;0;9.0;0;3;3;8;1383;0;0;0;0;0;Baerli162|Thalanthyr|real_embo
5ef32ef6-a3a2-46a1-85ea-d5cc548be5e2;2026-08-29T20:30:54Z;Baerli162;Squad;TPP;Baltic_Main;24.3;17;29;16;2;0;1;0;90.1;88.41;7.2;0;1;0;4;1026;0;0;0;0;0;Lacan123|Thalanthyr|real_embo
5ef32ef6-a3a2-46a1-85ea-d5cc548be5e2;2026-08-29T20:30:54Z;Thalanthyr;Squad;TPP;Baltic_Main;24.3;17;29;16;0;1;0;0;0;0;7.7;0;0;0;4;813;0;0;0;0;0;Baerli162|Lacan123|real_embo
905e9b0b-ee9a-4e8a-bf75-44650e92454b;2026-08-29T20:42:45Z;real_embo;Squad;TPP;Baltic_Main;24.9;16;26;25;0;0;0;0;0;0;4.7;0;0;0;0;58;0;0;0;0;0;Lacan123|Thalanthyr
905e9b0b-ee9a-4e8a-bf75-44650e92454b;2026-08-29T20:42:45Z;Lacan123;Squad;TPP;Baltic_Main;24.9;16;26;25;0;0;0;0;0;0;9.5;0;0;0;6;977;4816;0;0;1;0;Thalanthyr|real_embo
905e9b0b-ee9a-4e8a-bf75-44650e92454b;2026-08-29T20:42:45Z;Thalanthyr;Squad;TPP;Baltic_Main;24.9;16;26;25;0;0;0;0;0;0;9.5;0;0;0;7;893;3996;0;0;0;0;Lacan123|real_embo
5a415b28-dd47-493a-bb68-3c400b4ab2e7;2026-08-31T18:11:06Z;Baerli162;Duo;TPP;DihorOtok_Main;28.1;48;50;14;0;0;0;0;0;0;2.3;0;0;0;5;146;0;0;0;0;0;real_embo
5a415b28-dd47-493a-bb68-3c400b4ab2e7;2026-08-31T18:11:06Z;real_embo;Duo;TPP;DihorOtok_Main;28.1;48;50;14;0;0;0;0;0;0;2.3;0;0;0;4;188;0;0;0;0;0;Baerli162
c13e6c6d-4256-4553-9809-4491df4e6b95;2026-08-31T18:15:32Z;real_embo;Squad;TPP;Baltic_Main;26.9;11;29;25;2;0;1;0;167.0;3.88;13.9;0;1;2;8;1293;5838;0;0;0;0;BaToSaitama|Baerli162|Thalanthyr
c13e6c6d-4256-4553-9809-4491df4e6b95;2026-08-31T18:15:32Z;Baerli162;Squad;TPP;Baltic_Main;26.9;11;29;25;0;0;0;0;19.8;0;9.8;0;0;2;10;1004;3186;0;0;0;0;BaToSaitama|Thalanthyr|real_embo
c13e6c6d-4256-4553-9809-4491df4e6b95;2026-08-31T18:15:32Z;Thalanthyr;Squad;TPP;Baltic_Main;26.9;11;29;25;0;0;1;0;100;0;9.5;0;0;1;6;803;3541;0;0;0;0;BaToSaitama|Baerli162|real_embo
041abfea-3f5e-445c-8d06-e1dbbd3b3987;2026-08-31T18:31:35Z;Lacan123;Squad;TPP;Baltic_Main;25.3;14;30;9;0;0;0;0;54.5;0;16.4;1;1;0;6;2064;4250;0;0;0;0;Baerli162|Thalanthyr|real_embo
041abfea-3f5e-445c-8d06-e1dbbd3b3987;2026-08-31T18:31:35Z;Thalanthyr;Squad;TPP;Baltic_Main;25.3;14;30;9;2;0;1;0;78.0;41.73;16.4;2;1;0;6;1672;4060;0;0;0;0;Baerli162|Lacan123|real_embo
041abfea-3f5e-445c-8d06-e1dbbd3b3987;2026-08-31T18:31:35Z;real_embo;Squad;TPP;Baltic_Main;25.3;14;30;9;0;0;0;0;42;0;16.4;0;1;3;8;1882;4038;0;0;0;0;Baerli162|Lacan123|Thalanthyr
041abfea-3f5e-445c-8d06-e1dbbd3b3987;2026-08-31T18:31:35Z;Baerli162;Squad;TPP;Baltic_Main;25.3;14;30;9;1;1;2;1;158.3;81.19;16.4;0;2;2;7;2377;3996;0;0;0;0;Lacan123|Thalanthyr|real_embo
bff2f1ca-0584-43dc-94fd-6548a507bcf1;2026-08-31T18:49:57Z;real_embo;Squad;TPP;Baltic_Main;27.1;13;29;9;1;1;2;0;235.4;35.15;14.1;0;1;1;11;2001;467;0;0;0;0;Baerli162|Lacan123|Thalanthyr
bff2f1ca-0584-43dc-94fd-6548a507bcf1;2026-08-31T18:49:57Z;Thalanthyr;Squad;TPP;Baltic_Main;27.1;13;29;9;0;0;0;0;0;0;11.0;0;0;0;11;1150;458;0;0;0;0;Baerli162|Lacan123|real_embo
bff2f1ca-0584-43dc-94fd-6548a507bcf1;2026-08-31T18:49:57Z;Lacan123;Squad;TPP;Baltic_Main;27.1;13;29;9;0;0;0;0;82.4;0;14.1;0;1;1;6;1422;396;0;0;0;0;Baerli162|Thalanthyr|real_embo
bff2f1ca-0584-43dc-94fd-6548a507bcf1;2026-08-31T18:49:57Z;Baerli162;Squad;TPP;Baltic_Main;27.1;13;29;9;4;0;3;2;425.2;36.5;10.6;2;1;1;15;1288;453;0;0;0;0;Lacan123|Thalanthyr|real_embo
e39f15f7-cc59-4d0c-8fc0-1c72f3c9ac25;2026-08-31T19:06:06Z;Baerli162;Squad;TPP;Baltic_Main;25.9;21;28;18;0;0;0;0;25.4;0;4.0;0;0;0;3;139;575;20;0;0;0;Lacan123|Thalanthyr|real_embo
e39f15f7-cc59-4d0c-8fc0-1c72f3c9ac25;2026-08-31T19:06:06Z;Lacan123;Squad;TPP;Baltic_Main;25.9;21;28;18;0;0;0;0;0;0;4.6;0;0;0;5;453;0;0;0;0;0;Baerli162|Thalanthyr|real_embo
e39f15f7-cc59-4d0c-8fc0-1c72f3c9ac25;2026-08-31T19:06:06Z;Thalanthyr;Squad;TPP;Baltic_Main;25.9;21;28;18;0;0;1;0;100;0;7.3;0;0;0;3;1078;0;0;0;0;0;Baerli162|Lacan123|real_embo
e39f15f7-cc59-4d0c-8fc0-1c72f3c9ac25;2026-08-31T19:06:06Z;real_embo;Squad;TPP;Baltic_Main;25.9;21;28;18;0;0;0;0;0;0;4.2;0;0;0;4;229;0;0;0;0;0;Baerli162|Lacan123|Thalanthyr
f737614d-fc41-417c-8979-c5ffb37f5f3d;2026-08-31T19:15:48Z;Thalanthyr;Squad;TPP;Baltic_Main;28.2;3;31;18;1;1;2;0;280.7;18.86;20.2;0;1;4;5;1729;5322;0;0;0;0;Baerli162|Lacan123|real_embo
f737614d-fc41-417c-8979-c5ffb37f5f3d;2026-08-31T19:15:48Z;Lacan123;Squad;TPP;Baltic_Main;28.2;3;31;18;0;0;0;0;24.4;0;18.5;0;3;1;5;2245;5396;0;0;0;0;Baerli162|Thalanthyr|real_embo
f737614d-fc41-417c-8979-c5ffb37f5f3d;2026-08-31T19:15:48Z;Baerli162;Squad;TPP;Baltic_Main;28.2;3;31;18;0;0;2;0;354.4;0;26.6;1;1;5;7;3210;5891;111;0;0;0;Lacan123|Thalanthyr|real_embo
f737614d-fc41-417c-8979-c5ffb37f5f3d;2026-08-31T19:15:48Z;real_embo;Squad;TPP;Baltic_Main;28.2;3;31;18;1;0;1;0;151.2;422.3;17.7;0;6;2;10;1781;5445;0;0;0;0;Baerli162|Lacan123|Thalanthyr
fead721f-98e3-4bcd-b98d-a513d2adcb01;2026-09-02T12:48:40Z;real_embo;Solo;TPP;Baltic_Main;27.8;100;100;100050;0;0;0;0;0;0;1.0;0;0;0;2;39;0;0;0;0;0;
524567a8-fbd9-43be-a5d7-7f5cc8ad9cae;2026-09-02T12:53:03Z;real_embo;Solo;TPP;Kiki_Main;27.7;4;100;100004;1;0;1;0;118.9;53.57;22.8;0;1;9;7;2275;9487;0;0;0;0;
fc0ee399-5ca3-4c81-937a-5983e66c3680;2026-09-02T13:17:31Z;real_embo;Duo;TPP;Kiki_Main;31.3;40;52;15;1;0;1;0;202.5;85.42;9.7;0;0;0;13;1600;0;0;0;0;0;
cacef477-f56b-4d50-8f64-c28d241a7c8e;2026-09-02T17:10:15Z;real_embo;Duo;TPP;Savage_Main;22.8;37;49;37;1;0;1;0;120.6;28.95;1.8;0;0;0;3;89;0;0;0;0;0;Lacan123
cacef477-f56b-4d50-8f64-c28d241a7c8e;2026-09-02T17:10:15Z;Lacan123;Duo;TPP;Savage_Main;22.8;37;49;37;0;0;0;0;8.2;0;3.0;0;0;0;4;212;0;0;0;0;0;real_embo
4cf02095-7a78-4fcd-97fd-a0543b3ae976;2026-09-02T17:20:00Z;real_embo;Squad;TPP;Kiki_Main;26.6;16;27;14;1;0;3;0;203.5;4.37;16.0;0;3;3;8;1821;6018;0;0;0;0;Lacan123|Thalanthyr
4cf02095-7a78-4fcd-97fd-a0543b3ae976;2026-09-02T17:20:00Z;Lacan123;Squad;TPP;Kiki_Main;26.6;16;27;14;0;0;0;0;0;0;16.1;0;3;1;6;1585;7374;0;0;0;0;Thalanthyr|real_embo
4cf02095-7a78-4fcd-97fd-a0543b3ae976;2026-09-02T17:20:00Z;Thalanthyr;Squad;TPP;Kiki_Main;26.6;16;27;14;0;1;1;0;159.3;0;16.0;0;4;1;8;1408;6149;0;0;0;0;Lacan123|real_embo
c277aeda-4caf-434f-8e9b-db744584bb4f;2026-09-02T17:38:00Z;real_embo;Squad;TPP;Kiki_Main;26.5;8;28;25;2;0;1;0;212.1;89.72;19.7;0;0;3;9;2217;4738;0;0;1;0;Lacan123|Thalanthyr
c277aeda-4caf-434f-8e9b-db744584bb4f;2026-09-02T17:38:00Z;Thalanthyr;Squad;TPP;Kiki_Main;26.5;8;28;25;0;0;0;0;0;0;12.8;0;0;2;5;1329;1535;0;0;0;0;Lacan123|real_embo
c277aeda-4caf-434f-8e9b-db744584bb4f;2026-09-02T17:38:00Z;Lacan123;Squad;TPP;Kiki_Main;26.5;8;28;25;0;1;0;0;79.1;0;17.8;0;1;4;5;2245;5178;0;0;0;0;Thalanthyr|real_embo
bd37f4ab-ecda-4155-b310-5ecc63b9bc00;2026-09-02T17:59:49Z;Thalanthyr;Squad;TPP;Savage_Main;22.0;20;25;23;1;0;1;0;72.2;8.15;5.4;0;0;0;5;449;0;0;0;0;0;Lacan123|real_embo
bd37f4ab-ecda-4155-b310-5ecc63b9bc00;2026-09-02T17:59:49Z;real_embo;Squad;TPP;Savage_Main;22.0;20;25;23;1;1;1;0;172.2;7.31;5.4;0;1;2;5;466;0;0;0;0;0;Lacan123|Thalanthyr
bd37f4ab-ecda-4155-b310-5ecc63b9bc00;2026-09-02T17:59:49Z;Lacan123;Squad;TPP;Savage_Main;22.0;20;25;23;0;1;0;0;0;0;5.4;2;0;0;3;594;0;0;0;0;0;Thalanthyr|real_embo
944fb131-be9b-4367-ba49-05fc8bbab269;2026-09-02T18:06:58Z;real_embo;Squad;TPP;Baltic_Main;27.4;15;27;19;1;0;0;0;69.7;26.55;8.9;0;2;0;4;601;0;0;0;0;0;Lacan123|Thalanthyr
944fb131-be9b-4367-ba49-05fc8bbab269;2026-09-02T18:06:58Z;Thalanthyr;Squad;TPP;Baltic_Main;27.4;15;27;19;0;0;0;0;0;0;8.2;0;0;0;2;657;0;0;0;0;0;Lacan123|real_embo
944fb131-be9b-4367-ba49-05fc8bbab269;2026-09-02T18:06:58Z;Lacan123;Squad;TPP;Baltic_Main;27.4;15;27;19;0;0;0;0;45.8;0;15.6;1;0;1;6;1518;0;0;0;0;0;Thalanthyr|real_embo
c2bb9ec8-7069-4404-9826-adf4edfffe91;2026-09-02T18:24:33Z;Thalanthyr;Squad;TPP;Kiki_Main;26.3;22;26;16;0;0;0;0;0;0;3.9;0;0;0;2;251;0;0;0;0;0;Lacan123|real_embo
c2bb9ec8-7069-4404-9826-adf4edfffe91;2026-09-02T18:24:33Z;real_embo;Squad;TPP;Kiki_Main;26.3;22;26;16;0;0;0;0;0;0;4.0;0;0;0;6;311;0;0;0;0;0;Lacan123|Thalanthyr
c2bb9ec8-7069-4404-9826-adf4edfffe91;2026-09-02T18:24:33Z;Lacan123;Squad;TPP;Kiki_Main;26.3;22;26;16;0;0;0;0;0;0;4.3;0;0;0;2;433;0;0;0;0;0;Thalanthyr|real_embo
735d99d0-ef85-408c-a00e-58b3f80478c3;2026-09-02T18:30:25Z;Thalanthyr;Squad;TPP;Savage_Main;22.6;6;28;28;0;0;0;0;0;0;15.2;0;1;4;4;1907;1416;0;0;0;0;Lacan123|real_embo
735d99d0-ef85-408c-a00e-58b3f80478c3;2026-09-02T18:30:25Z;Lacan123;Squad;TPP;Savage_Main;22.6;6;28;28;1;0;1;1;213.7;34.74;19.1;1;2;3;9;2890;1644;0;0;0;0;Thalanthyr|real_embo
735d99d0-ef85-408c-a00e-58b3f80478c3;2026-09-02T18:30:25Z;real_embo;Squad;TPP;Savage_Main;22.6;6;28;28;1;1;3;0;480.9;22.93;19.9;0;1;6;8;2533;1431;0;0;0;0;Lacan123|Thalanthyr
564837c0-961c-4c2a-9f64-b0f6c7173336;2026-09-03T11:18:23Z;real_embo;Duo;TPP;Baltic_Main;27.2;37;55;8;1;0;1;0;75;28.84;4.9;0;0;0;11;370;0;0;0;0;0;
9c62960e-8486-477d-9856-72ed9abb17ed;2026-09-03T11:25:41Z;real_embo;Duo;TPP;Baltic_Main;27.9;34;55;45;1;0;0;0;315.4;137.19;7.2;0;1;1;7;775;0;0;0;0;0;
